guid,title,pubDate,category,link,description
b'BILLS-116hr8361ih',b'H.R.\xc2\xa08361\xc2\xa0(IH) - EIDL Forgiveness Act',"b'Wed, 23 Sep 2020 00:00:00 +0000'",b'Bills and Statutes',b'https://www.govinfo.gov/app/details/BILLS-116hr8361ih',"b' <h2>Content Files</h2>\n <a href=""https://www.govinfo.gov/content/pkg/BILLS-116hr8361ih/pdf/BILLS-116hr8361ih.pdf"">PDF</a><br/>\n <a href=""https://www.govinfo.gov/content/pkg/BILLS-116hr8361ih/xml/BILLS-116hr8361ih.xml"">XML</a><br/>\n \n \n <h2>Metadata download</h2>\n <a href=""https://www.govinfo.gov/metadata/pkg/BILLS-116hr8361ih/mods.xml"">Descriptive Metadata (MODS)</a><br/>\n <a href=""https://www.govinfo.gov/metadata/pkg/BILLS-116hr8361ih/premis.xml"">Preservation Metadata (PREMIS)</a><br/>\n <h2>All Content and Metadata files, including granules</h2> <a href=""https://www.govinfo.gov/content/pkg/BILLS-116hr8361ih.zip"">ZIP</a>\n '"
b'BILLS-116hr8347ih',b'H.R.\xc2\xa08347\xc2\xa0(IH) - Shell Company Abuse Act',"b'Tue, 22 Sep 2020 00:00:00 +0000'",b'Bills and Statutes',b'https://www.govinfo.gov/app/details/BILLS-116hr8347ih',"b' <h2>Content Files</h2>\n <a href=""https://www.govinfo.gov/content/pkg/BILLS-116hr8347ih/pdf/BILLS-116hr8347ih.pdf"">PDF</a><br/>\n <a href=""https://www.govinfo.gov/content/pkg/BILLS-116hr8347ih/xml/BILLS-116hr8347ih.xml"">XML</a><br/>\n \n \n <h2>Metadata download</h2>\n <a href=""https://www.govinfo.gov/metadata/pkg/BILLS-116hr8347ih/mods.xml"">Descriptive Metadata (MODS)</a><br/>\n <a href=""https://www.govinfo.gov/metadata/pkg/BILLS-116hr8347ih/premis.xml"">Preservation Metadata (PREMIS)</a><br/>\n <h2>All Content and Metadata files, including granules</h2> <a href=""https://www.govinfo.gov/content/pkg/BILLS-116hr8347ih.zip"">ZIP</a>\n '"
b'BILLS-116hr8356ih',b'H.R.\xc2\xa08356\xc2\xa0(IH) - Combatting University Research Theft Act of 2020',"b'Wed, 23 Sep 2020 00:00:00 +0000'",b'Bills and Statutes',b'https://www.govinfo.gov/app/details/BILLS-116hr8356ih',"b' <h2>Content Files</h2>\n <a href=""https://www.govinfo.gov/content/pkg/BILLS-116hr8356ih/pdf/BILLS-116hr8356ih.pdf"">PDF</a><br/>\n <a href=""https://www.govinfo.gov/content/pkg/BILLS-116hr8356ih/xml/BILLS-116hr8356ih.xml"">XML</a><br/>\n \n \n <h2>Metadata download</h2>\n <a href=""https://www.govinfo.gov/metadata/pkg/BILLS-116hr8356ih/mods.xml"">Descriptive Metadata (MODS)</a><br/>\n <a href=""https://www.govinfo.gov/metadata/pkg/BILLS-116hr8356ih/premis.xml"">Preservation Metadata (PREMIS)</a><br/>\n <h2>All Content and Metadata files, including granules</h2> <a href=""https://www.govinfo.gov/content/pkg/BILLS-116hr8356ih.zip"">ZIP</a>\n '"
b'BILLS-116hr8353ih',b'H.R.\xc2\xa08353\xc2\xa0(IH) - Women\xe2\x80\x99s Public Health and Safety Act',"b'Wed, 23 Sep 2020 00:00:00 +0000'",b'Bills and Statutes',b'https://www.govinfo.gov/app/details/BILLS-116hr8353ih',"b' <h2>Content Files</h2>\n <a href=""https://www.govinfo.gov/content/pkg/BILLS-116hr8353ih/pdf/BILLS-116hr8353ih.pdf"">PDF</a><br/>\n <a href=""https://www.govinfo.gov/content/pkg/BILLS-116hr8353ih/xml/BILLS-116hr8353ih.xml"">XML</a><br/>\n \n \n <h2>Metadata download</h2>\n <a href=""https://www.govinfo.gov/metadata/pkg/BILLS-116hr8353ih/mods.xml"">Descriptive Metadata (MODS)</a><br/>\n <a href=""https://www.govinfo.gov/metadata/pkg/BILLS-116hr8353ih/premis.xml"">Preservation Metadata (PREMIS)</a><br/>\n <h2>All Content and Metadata files, including granules</h2> <a href=""https://www.govinfo.gov/content/pkg/BILLS-116hr8353ih.zip"">ZIP</a>\n '"
b'BILLS-116hr8355ih',b'H.R.\xc2\xa08355\xc2\xa0(IH) - Next Generation Nuclear Advancement Act of 2020',"b'Wed, 23 Sep 2020 00:00:00 +0000'",b'Bills and Statutes',b'https://www.govinfo.gov/app/details/BILLS-116hr8355ih',"b' <h2>Content Files</h2>\n <a href=""https://www.govinfo.gov/content/pkg/BILLS-116hr8355ih/pdf/BILLS-116hr8355ih.pdf"">PDF</a><br/>\n <a href=""https://www.govinfo.gov/content/pkg/BILLS-116hr8355ih/xml/BILLS-116hr8355ih.xml"">XML</a><br/>\n \n \n <h2>Metadata download</h2>\n <a href=""https://www.govinfo.gov/metadata/pkg/BILLS-116hr8355ih/mods.xml"">Descriptive Metadata (MODS)</a><br/>\n <a href=""https://www.govinfo.gov/metadata/pkg/BILLS-116hr8355ih/premis.xml"">Preservation Metadata (PREMIS)</a><br/>\n <h2>All Content and Metadata files, including granules</h2> <a href=""https://www.govinfo.gov/content/pkg/BILLS-116hr8355ih.zip"">ZIP</a>\n '"
b'BILLS-116hr8362ih',"b'H.R.\xc2\xa08362\xc2\xa0(IH) - To require senior officials to report payments received from the Federal Government and to improve the filing and disclosure of financial disclosures by Members of Congress, congressional staff, and very senior employees.'","b'Wed, 23 Sep 2020 00:00:00 +0000'",b'Bills and Statutes',b'https://www.govinfo.gov/app/details/BILLS-116hr8362ih',"b' <h2>Content Files</h2>\n <a href=""https://www.govinfo.gov/content/pkg/BILLS-116hr8362ih/pdf/BILLS-116hr8362ih.pdf"">PDF</a><br/>\n <a href=""https://www.govinfo.gov/content/pkg/BILLS-116hr8362ih/xml/BILLS-116hr8362ih.xml"">XML</a><br/>\n \n \n <h2>Metadata download</h2>\n <a href=""https://www.govinfo.gov/metadata/pkg/BILLS-116hr8362ih/mods.xml"">Descriptive Metadata (MODS)</a><br/>\n <a href=""https://www.govinfo.gov/metadata/pkg/BILLS-116hr8362ih/premis.xml"">Preservation Metadata (PREMIS)</a><br/>\n <h2>All Content and Metadata files, including granules</h2> <a href=""https://www.govinfo.gov/content/pkg/BILLS-116hr8362ih.zip"">ZIP</a>\n '"
b'BILLS-116hr8358ih',b'H.R.\xc2\xa08358\xc2\xa0(IH) - National Coronavirus Commission Act of 2020',"b'Wed, 23 Sep 2020 00:00:00 +0000'",b'Bills and Statutes',b'https://www.govinfo.gov/app/details/BILLS-116hr8358ih',"b' <h2>Content Files</h2>\n <a href=""https://www.govinfo.gov/content/pkg/BILLS-116hr8358ih/pdf/BILLS-116hr8358ih.pdf"">PDF</a><br/>\n <a href=""https://www.govinfo.gov/content/pkg/BILLS-116hr8358ih/xml/BILLS-116hr8358ih.xml"">XML</a><br/>\n \n \n <h2>Metadata download</h2>\n <a href=""https://www.govinfo.gov/metadata/pkg/BILLS-116hr8358ih/mods.xml"">Descriptive Metadata (MODS)</a><br/>\n <a href=""https://www.govinfo.gov/metadata/pkg/BILLS-116hr8358ih/premis.xml"">Preservation Metadata (PREMIS)</a><br/>\n <h2>All Content and Metadata files, including granules</h2> <a href=""https://www.govinfo.gov/content/pkg/BILLS-116hr8358ih.zip"">ZIP</a>\n '"
b'BILLS-116hr8366ih',b'H.R.\xc2\xa08366\xc2\xa0(IH) - Protecting Homeowners in Bankruptcy Act of 2020',"b'Thu, 24 Sep 2020 00:00:00 +0000'",b'Bills and Statutes',b'https://www.govinfo.gov/app/details/BILLS-116hr8366ih',"b' <h2>Content Files</h2>\n <a href=""https://www.govinfo.gov/content/pkg/BILLS-116hr8366ih/pdf/BILLS-116hr8366ih.pdf"">PDF</a><br/>\n <a href=""https://www.govinfo.gov/content/pkg/BILLS-116hr8366ih/xml/BILLS-116hr8366ih.xml"">XML</a><br/>\n \n \n <h2>Metadata download</h2>\n <a href=""https://www.govinfo.gov/metadata/pkg/BILLS-116hr8366ih/mods.xml"">Descriptive Metadata (MODS)</a><br/>\n <a href=""https://www.govinfo.gov/metadata/pkg/BILLS-116hr8366ih/premis.xml"">Preservation Metadata (PREMIS)</a><br/>\n <h2>All Content and Metadata files, including granules</h2> <a href=""https://www.govinfo.gov/content/pkg/BILLS-116hr8366ih.zip"">ZIP</a>\n '"
b'BILLS-116hr8360ih',b'H.R.\xc2\xa08360\xc2\xa0(IH) - Coronavirus Relief Fund Flexibility Act of 2020',"b'Wed, 23 Sep 2020 00:00:00 +0000'",b'Bills and Statutes',b'https://www.govinfo.gov/app/details/BILLS-116hr8360ih',"b' <h2>Content Files</h2>\n <a href=""https://www.govinfo.gov/content/pkg/BILLS-116hr8360ih/pdf/BILLS-116hr8360ih.pdf"">PDF</a><br/>\n <a href=""https://www.govinfo.gov/content/pkg/BILLS-116hr8360ih/xml/BILLS-116hr8360ih.xml"">XML</a><br/>\n \n \n <h2>Metadata download</h2>\n <a href=""https://www.govinfo.gov/metadata/pkg/BILLS-116hr8360ih/mods.xml"">Descriptive Metadata (MODS)</a><br/>\n <a href=""https://www.govinfo.gov/metadata/pkg/BILLS-116hr8360ih/premis.xml"">Preservation Metadata (PREMIS)</a><br/>\n <h2>All Content and Metadata files, including granules</h2> <a href=""https://www.govinfo.gov/content/pkg/BILLS-116hr8360ih.zip"">ZIP</a>\n '"
b'BILLS-116hr8359ih',b'H.R.\xc2\xa08359\xc2\xa0(IH) - PTC Elimination Act',"b'Wed, 23 Sep 2020 00:00:00 +0000'",b'Bills and Statutes',b'https://www.govinfo.gov/app/details/BILLS-116hr8359ih',"b' <h2>Content Files</h2>\n <a href=""https://www.govinfo.gov/content/pkg/BILLS-116hr8359ih/pdf/BILLS-116hr8359ih.pdf"">PDF</a><br/>\n <a href=""https://www.govinfo.gov/content/pkg/BILLS-116hr8359ih/xml/BILLS-116hr8359ih.xml"">XML</a><br/>\n \n \n <h2>Metadata download</h2>\n <a href=""https://www.govinfo.gov/metadata/pkg/BILLS-116hr8359ih/mods.xml"">Descriptive Metadata (MODS)</a><br/>\n <a href=""https://www.govinfo.gov/metadata/pkg/BILLS-116hr8359ih/premis.xml"">Preservation Metadata (PREMIS)</a><br/>\n <h2>All Content and Metadata files, including granules</h2> <a href=""https://www.govinfo.gov/content/pkg/BILLS-116hr8359ih.zip"">ZIP</a>\n '"
b'BILLS-116s4762es',"b'S.\xc2\xa04762\xc2\xa0(ES) - An Act To designate the airport traffic control tower located at Piedmont Triad International Airport in Greensboro, North Carolina, as the Senator Kay Hagan Airport Traffic Control Tower.'","b'Wed, 30 Sep 2020 00:00:00 +0000'",b'Bills and Statutes',b'https://www.govinfo.gov/app/details/BILLS-116s4762es',"b' <h2>Content Files</h2>\n <a href=""https://www.govinfo.gov/content/pkg/BILLS-116s4762es/pdf/BILLS-116s4762es.pdf"">PDF</a><br/>\n <a href=""https://www.govinfo.gov/content/pkg/BILLS-116s4762es/xml/BILLS-116s4762es.xml"">XML</a><br/>\n \n \n <h2>Metadata download</h2>\n <a href=""https://www.govinfo.gov/metadata/pkg/BILLS-116s4762es/mods.xml"">Descriptive Metadata (MODS)</a><br/>\n <a href=""https://www.govinfo.gov/metadata/pkg/BILLS-116s4762es/premis.xml"">Preservation Metadata (PREMIS)</a><br/>\n <h2>All Content and Metadata files, including granules</h2> <a href=""https://www.govinfo.gov/content/pkg/BILLS-116s4762es.zip"">ZIP</a>\n '"
b'BILLS-116hr4447eh',b'H.R.\xc2\xa04447\xc2\xa0(EH) - Clean Economy Jobs and Innovation Act',"b'Thu, 24 Sep 2020 00:00:00 +0000'",b'Bills and Statutes',b'https://www.govinfo.gov/app/details/BILLS-116hr4447eh',"b' <h2>Content Files</h2>\n <a href=""https://www.govinfo.gov/content/pkg/BILLS-116hr4447eh/pdf/BILLS-116hr4447eh.pdf"">PDF</a><br/>\n <a href=""https://www.govinfo.gov/content/pkg/BILLS-116hr4447eh/xml/BILLS-116hr4447eh.xml"">XML</a><br/>\n \n \n <h2>Metadata download</h2>\n <a href=""https://www.govinfo.gov/metadata/pkg/BILLS-116hr4447eh/mods.xml"">Descriptive Metadata (MODS)</a><br/>\n <a href=""https://www.govinfo.gov/metadata/pkg/BILLS-116hr4447eh/premis.xml"">Preservation Metadata (PREMIS)</a><br/>\n <h2>All Content and Metadata files, including granules</h2> <a href=""https://www.govinfo.gov/content/pkg/BILLS-116hr4447eh.zip"">ZIP</a>\n '"
b'BILLS-116hr8349ih',b'H.R.\xc2\xa08349\xc2\xa0(IH) - Hazard Pay for Essential Workers Act of 2020',"b'Tue, 22 Sep 2020 00:00:00 +0000'",b'Bills and Statutes',b'https://www.govinfo.gov/app/details/BILLS-116hr8349ih',"b' <h2>Content Files</h2>\n <a href=""https://www.govinfo.gov/content/pkg/BILLS-116hr8349ih/pdf/BILLS-116hr8349ih.pdf"">PDF</a><br/>\n <a href=""https://www.govinfo.gov/content/pkg/BILLS-116hr8349ih/xml/BILLS-116hr8349ih.xml"">XML</a><br/>\n \n \n <h2>Metadata download</h2>\n <a href=""https://www.govinfo.gov/metadata/pkg/BILLS-116hr8349ih/mods.xml"">Descriptive Metadata (MODS)</a><br/>\n <a href=""https://www.govinfo.gov/metadata/pkg/BILLS-116hr8349ih/premis.xml"">Preservation Metadata (PREMIS)</a><br/>\n <h2>All Content and Metadata files, including granules</h2> <a href=""https://www.govinfo.gov/content/pkg/BILLS-116hr8349ih.zip"">ZIP</a>\n '"
b'BILLS-116hr8350ih',b'H.R.\xc2\xa08350\xc2\xa0(IH) - Safely Ensuring Lives Future Deployment and Research In Vehicle Evolution Act',"b'Wed, 23 Sep 2020 00:00:00 +0000'",b'Bills and Statutes',b'https://www.govinfo.gov/app/details/BILLS-116hr8350ih',"b' <h2>Content Files</h2>\n <a href=""https://www.govinfo.gov/content/pkg/BILLS-116hr8350ih/pdf/BILLS-116hr8350ih.pdf"">PDF</a><br/>\n <a href=""https://www.govinfo.gov/content/pkg/BILLS-116hr8350ih/xml/BILLS-116hr8350ih.xml"">XML</a><br/>\n \n \n <h2>Metadata download</h2>\n <a href=""https://www.govinfo.gov/metadata/pkg/BILLS-116hr8350ih/mods.xml"">Descriptive Metadata (MODS)</a><br/>\n <a href=""https://www.govinfo.gov/metadata/pkg/BILLS-116hr8350ih/premis.xml"">Preservation Metadata (PREMIS)</a><br/>\n <h2>All Content and Metadata files, including granules</h2> <a href=""https://www.govinfo.gov/content/pkg/BILLS-116hr8350ih.zip"">ZIP</a>\n '"
b'BILLS-116hr8364ih',b'H.R.\xc2\xa08364\xc2\xa0(IH) - VA Fiscal Responsibility Act',"b'Wed, 23 Sep 2020 00:00:00 +0000'",b'Bills and Statutes',b'https://www.govinfo.gov/app/details/BILLS-116hr8364ih',"b' <h2>Content Files</h2>\n <a href=""https://www.govinfo.gov/content/pkg/BILLS-116hr8364ih/pdf/BILLS-116hr8364ih.pdf"">PDF</a><br/>\n <a href=""https://www.govinfo.gov/content/pkg/BILLS-116hr8364ih/xml/BILLS-116hr8364ih.xml"">XML</a><br/>\n \n \n <h2>Metadata download</h2>\n <a href=""https://www.govinfo.gov/metadata/pkg/BILLS-116hr8364ih/mods.xml"">Descriptive Metadata (MODS)</a><br/>\n <a href=""https://www.govinfo.gov/metadata/pkg/BILLS-116hr8364ih/premis.xml"">Preservation Metadata (PREMIS)</a><br/>\n <h2>All Content and Metadata files, including granules</h2> <a href=""https://www.govinfo.gov/content/pkg/BILLS-116hr8364ih.zip"">ZIP</a>\n '"
b'BILLS-116hres1177ih',"b'H. Res.\xc2\xa01177\xc2\xa0(IH) - Honoring the life and achievement of John Robert Thompson Jr., the legendary Georgetown University men\xe2\x80\x99s basketball coach.'","b'Fri, 02 Oct 2020 00:00:00 +0000'",b'Bills and Statutes',b'https://www.govinfo.gov/app/details/BILLS-116hres1177ih',"b' <h2>Content Files</h2>\n <a href=""https://www.govinfo.gov/content/pkg/BILLS-116hres1177ih/pdf/BILLS-116hres1177ih.pdf"">PDF</a><br/>\n <a href=""https://www.govinfo.gov/content/pkg/BILLS-116hres1177ih/xml/BILLS-116hres1177ih.xml"">XML</a><br/>\n \n \n <h2>Metadata download</h2>\n <a href=""https://www.govinfo.gov/metadata/pkg/BILLS-116hres1177ih/mods.xml"">Descriptive Metadata (MODS)</a><br/>\n <a href=""https://www.govinfo.gov/metadata/pkg/BILLS-116hres1177ih/premis.xml"">Preservation Metadata (PREMIS)</a><br/>\n <h2>All Content and Metadata files, including granules</h2> <a href=""https://www.govinfo.gov/content/pkg/BILLS-116hres1177ih.zip"">ZIP</a>\n '"
b'BILLS-116hr5179rh',b'H.R.\xc2\xa05179\xc2\xa0(RH) - Tribal Wildlife Corridors Act of 2019',"b'Fri, 09 Oct 2020 00:00:00 +0000'",b'Bills and Statutes',b'https://www.govinfo.gov/app/details/BILLS-116hr5179rh',"b' <h2>Content Files</h2>\n <a href=""https://www.govinfo.gov/content/pkg/BILLS-116hr5179rh/pdf/BILLS-116hr5179rh.pdf"">PDF</a><br/>\n <a href=""https://www.govinfo.gov/content/pkg/BILLS-116hr5179rh/xml/BILLS-116hr5179rh.xml"">XML</a><br/>\n \n \n <h2>Metadata download</h2>\n <a href=""https://www.govinfo.gov/metadata/pkg/BILLS-116hr5179rh/mods.xml"">Descriptive Metadata (MODS)</a><br/>\n <a href=""https://www.govinfo.gov/metadata/pkg/BILLS-116hr5179rh/premis.xml"">Preservation Metadata (PREMIS)</a><br/>\n <h2>All Content and Metadata files, including granules</h2> <a href=""https://www.govinfo.gov/content/pkg/BILLS-116hr5179rh.zip"">ZIP</a>\n '"
b'BILLS-116hr2795rh',b'H.R.\xc2\xa02795\xc2\xa0(RH) - Wildlife Corridors Conservation Act of 2019',"b'Fri, 09 Oct 2020 00:00:00 +0000'",b'Bills and Statutes',b'https://www.govinfo.gov/app/details/BILLS-116hr2795rh',"b' <h2>Content Files</h2>\n <a href=""https://www.govinfo.gov/content/pkg/BILLS-116hr2795rh/pdf/BILLS-116hr2795rh.pdf"">PDF</a><br/>\n <a href=""https://www.govinfo.gov/content/pkg/BILLS-116hr2795rh/xml/BILLS-116hr2795rh.xml"">XML</a><br/>\n \n \n <h2>Metadata download</h2>\n <a href=""https://www.govinfo.gov/metadata/pkg/BILLS-116hr2795rh/mods.xml"">Descriptive Metadata (MODS)</a><br/>\n <a href=""https://www.govinfo.gov/metadata/pkg/BILLS-116hr2795rh/premis.xml"">Preservation Metadata (PREMIS)</a><br/>\n <h2>All Content and Metadata files, including granules</h2> <a href=""https://www.govinfo.gov/content/pkg/BILLS-116hr2795rh.zip"">ZIP</a>\n '"
b'BILLS-116hres1189ih',b'H. Res.\xc2\xa01189\xc2\xa0(IH) - Expressing support for the designation of the second Monday in October 2020 as Indigenous Peoples\xe2\x80\x99 Day to celebrate and honor Indigenous Peoples and their shared history and culture.',"b'Fri, 09 Oct 2020 00:00:00 +0000'",b'Bills and Statutes',b'https://www.govinfo.gov/app/details/BILLS-116hres1189ih',"b' <h2>Content Files</h2>\n <a href=""https://www.govinfo.gov/content/pkg/BILLS-116hres1189ih/pdf/BILLS-116hres1189ih.pdf"">PDF</a><br/>\n <a href=""https://www.govinfo.gov/content/pkg/BILLS-116hres1189ih/xml/BILLS-116hres1189ih.xml"">XML</a><br/>\n \n \n <h2>Metadata download</h2>\n <a href=""https://www.govinfo.gov/metadata/pkg/BILLS-116hres1189ih/mods.xml"">Descriptive Metadata (MODS)</a><br/>\n <a href=""https://www.govinfo.gov/metadata/pkg/BILLS-116hres1189ih/premis.xml"">Preservation Metadata (PREMIS)</a><br/>\n <h2>All Content and Metadata files, including granules</h2> <a href=""https://www.govinfo.gov/content/pkg/BILLS-116hres1189ih.zip"">ZIP</a>\n '"
b'BILLS-116hres1187ih',b'H. Res.\xc2\xa01187\xc2\xa0(IH) - Congratulating the Seattle Storm women\xe2\x80\x99s basketball team on winning the 2020 Women\xe2\x80\x99s National Basketball Association championship.',"b'Fri, 09 Oct 2020 00:00:00 +0000'",b'Bills and Statutes',b'https://www.govinfo.gov/app/details/BILLS-116hres1187ih',"b' <h2>Content Files</h2>\n <a href=""https://www.govinfo.gov/content/pkg/BILLS-116hres1187ih/pdf/BILLS-116hres1187ih.pdf"">PDF</a><br/>\n <a href=""https://www.govinfo.gov/content/pkg/BILLS-116hres1187ih/xml/BILLS-116hres1187ih.xml"">XML</a><br/>\n \n \n <h2>Metadata download</h2>\n <a href=""https://www.govinfo.gov/metadata/pkg/BILLS-116hres1187ih/mods.xml"">Descriptive Metadata (MODS)</a><br/>\n <a href=""https://www.govinfo.gov/metadata/pkg/BILLS-116hres1187ih/premis.xml"">Preservation Metadata (PREMIS)</a><br/>\n <h2>All Content and Metadata files, including granules</h2> <a href=""https://www.govinfo.gov/content/pkg/BILLS-116hres1187ih.zip"">ZIP</a>\n '"
b'BILLS-116hres1188ih',b'H. Res.\xc2\xa01188\xc2\xa0(IH) - Urging the people of the United States to observe the month of October 2020 as Italian and Italian-American Heritage Month.',"b'Fri, 09 Oct 2020 00:00:00 +0000'",b'Bills and Statutes',b'https://www.govinfo.gov/app/details/BILLS-116hres1188ih',"b' <h2>Content Files</h2>\n <a href=""https://www.govinfo.gov/content/pkg/BILLS-116hres1188ih/pdf/BILLS-116hres1188ih.pdf"">PDF</a><br/>\n <a href=""https://www.govinfo.gov/content/pkg/BILLS-116hres1188ih/xml/BILLS-116hres1188ih.xml"">XML</a><br/>\n \n \n <h2>Metadata download</h2>\n <a href=""https://www.govinfo.gov/metadata/pkg/BILLS-116hres1188ih/mods.xml"">Descriptive Metadata (MODS)</a><br/>\n <a href=""https://www.govinfo.gov/metadata/pkg/BILLS-116hres1188ih/premis.xml"">Preservation Metadata (PREMIS)</a><br/>\n <h2>All Content and Metadata files, including granules</h2> <a href=""https://www.govinfo.gov/content/pkg/BILLS-116hres1188ih.zip"">ZIP</a>\n '"
b'BILLS-116hres1186ih',b'H. Res.\xc2\xa01186\xc2\xa0(IH) - Recognizing the importance of biomedical research and thanking biomedical researchers in the United States.',"b'Fri, 09 Oct 2020 00:00:00 +0000'",b'Bills and Statutes',b'https://www.govinfo.gov/app/details/BILLS-116hres1186ih',"b' <h2>Content Files</h2>\n <a href=""https://www.govinfo.gov/content/pkg/BILLS-116hres1186ih/pdf/BILLS-116hres1186ih.pdf"">PDF</a><br/>\n <a href=""https://www.govinfo.gov/content/pkg/BILLS-116hres1186ih/xml/BILLS-116hres1186ih.xml"">XML</a><br/>\n \n \n <h2>Metadata download</h2>\n <a href=""https://www.govinfo.gov/metadata/pkg/BILLS-116hres1186ih/mods.xml"">Descriptive Metadata (MODS)</a><br/>\n <a href=""https://www.govinfo.gov/metadata/pkg/BILLS-116hres1186ih/premis.xml"">Preservation Metadata (PREMIS)</a><br/>\n <h2>All Content and Metadata files, including granules</h2> <a href=""https://www.govinfo.gov/content/pkg/BILLS-116hres1186ih.zip"">ZIP</a>\n '"
b'BILLS-116hres1183ih',"b'H. Res.\xc2\xa01183\xc2\xa0(IH) - Supporting respect for human rights and encouraging continued democratic progress in Ethiopia, and for other purposes.'","b'Fri, 09 Oct 2020 00:00:00 +0000'",b'Bills and Statutes',b'https://www.govinfo.gov/app/details/BILLS-116hres1183ih',"b' <h2>Content Files</h2>\n <a href=""https://www.govinfo.gov/content/pkg/BILLS-116hres1183ih/pdf/BILLS-116hres1183ih.pdf"">PDF</a><br/>\n <a href=""https://www.govinfo.gov/content/pkg/BILLS-116hres1183ih/xml/BILLS-116hres1183ih.xml"">XML</a><br/>\n \n \n <h2>Metadata download</h2>\n <a href=""https://www.govinfo.gov/metadata/pkg/BILLS-116hres1183ih/mods.xml"">Descriptive Metadata (MODS)</a><br/>\n <a href=""https://www.govinfo.gov/metadata/pkg/BILLS-116hres1183ih/premis.xml"">Preservation Metadata (PREMIS)</a><br/>\n <h2>All Content and Metadata files, including granules</h2> <a href=""https://www.govinfo.gov/content/pkg/BILLS-116hres1183ih.zip"">ZIP</a>\n '"
b'BILLS-116hres1184ih',b'H. Res.\xc2\xa01184\xc2\xa0(IH) - Amending the Rules of the House of Representatives to require the Clerk to read the Congressional Budget Office cost estimate of any bill immediately after the reading of the title of the bill.',"b'Fri, 09 Oct 2020 00:00:00 +0000'",b'Bills and Statutes',b'https://www.govinfo.gov/app/details/BILLS-116hres1184ih',"b' <h2>Content Files</h2>\n <a href=""https://www.govinfo.gov/content/pkg/BILLS-116hres1184ih/pdf/BILLS-116hres1184ih.pdf"">PDF</a><br/>\n <a href=""https://www.govinfo.gov/content/pkg/BILLS-116hres1184ih/xml/BILLS-116hres1184ih.xml"">XML</a><br/>\n \n \n <h2>Metadata download</h2>\n <a href=""https://www.govinfo.gov/metadata/pkg/BILLS-116hres1184ih/mods.xml"">Descriptive Metadata (MODS)</a><br/>\n <a href=""https://www.govinfo.gov/metadata/pkg/BILLS-116hres1184ih/premis.xml"">Preservation Metadata (PREMIS)</a><br/>\n <h2>All Content and Metadata files, including granules</h2> <a href=""https://www.govinfo.gov/content/pkg/BILLS-116hres1184ih.zip"">ZIP</a>\n '"
b'BILLS-116hres1185ih',"b'H. Res.\xc2\xa01185\xc2\xa0(IH) - Recognizing the importance of mental health globally and highlighting the contributions and value of mental health, well-being, psychosocial support, and human capacity, particularly in areas of economic inequity, development contexts, and humanitarian settings.'","b'Fri, 09 Oct 2020 00:00:00 +0000'",b'Bills and Statutes',b'https://www.govinfo.gov/app/details/BILLS-116hres1185ih',"b' <h2>Content Files</h2>\n <a href=""https://www.govinfo.gov/content/pkg/BILLS-116hres1185ih/pdf/BILLS-116hres1185ih.pdf"">PDF</a><br/>\n <a href=""https://www.govinfo.gov/content/pkg/BILLS-116hres1185ih/xml/BILLS-116hres1185ih.xml"">XML</a><br/>\n \n \n <h2>Metadata download</h2>\n <a href=""https://www.govinfo.gov/metadata/pkg/BILLS-116hres1185ih/mods.xml"">Descriptive Metadata (MODS)</a><br/>\n <a href=""https://www.govinfo.gov/metadata/pkg/BILLS-116hres1185ih/premis.xml"">Preservation Metadata (PREMIS)</a><br/>\n <h2>All Content and Metadata files, including granules</h2> <a href=""https://www.govinfo.gov/content/pkg/BILLS-116hres1185ih.zip"">ZIP</a>\n '"
b'BILLS-116hjres99ih',b'H.J. Res.\xc2\xa099\xc2\xa0(IH) - Proposing a balanced budget amendment to the Constitution of the United States.',"b'Fri, 09 Oct 2020 00:00:00 +0000'",b'Bills and Statutes',b'https://www.govinfo.gov/app/details/BILLS-116hjres99ih',"b' <h2>Content Files</h2>\n <a href=""https://www.govinfo.gov/content/pkg/BILLS-116hjres99ih/pdf/BILLS-116hjres99ih.pdf"">PDF</a><br/>\n <a href=""https://www.govinfo.gov/content/pkg/BILLS-116hjres99ih/xml/BILLS-116hjres99ih.xml"">XML</a><br/>\n \n \n <h2>Metadata download</h2>\n <a href=""https://www.govinfo.gov/metadata/pkg/BILLS-116hjres99ih/mods.xml"">Descriptive Metadata (MODS)</a><br/>\n <a href=""https://www.govinfo.gov/metadata/pkg/BILLS-116hjres99ih/premis.xml"">Preservation Metadata (PREMIS)</a><br/>\n <h2>All Content and Metadata files, including granules</h2> <a href=""https://www.govinfo.gov/content/pkg/BILLS-116hjres99ih.zip"">ZIP</a>\n '"
b'BILLS-116s4641is',b'S.\xc2\xa04641\xc2\xa0(IS) - Public Engagement Opportunity on Public Land Exploration Act of 2020',"b'Tue, 22 Sep 2020 00:00:00 +0000'",b'Bills and Statutes',b'https://www.govinfo.gov/app/details/BILLS-116s4641is',"b' <h2>Content Files</h2>\n <a href=""https://www.govinfo.gov/content/pkg/BILLS-116s4641is/pdf/BILLS-116s4641is.pdf"">PDF</a><br/>\n <a href=""https://www.govinfo.gov/content/pkg/BILLS-116s4641is/xml/BILLS-116s4641is.xml"">XML</a><br/>\n \n \n <h2>Metadata download</h2>\n <a href=""https://www.govinfo.gov/metadata/pkg/BILLS-116s4641is/mods.xml"">Descriptive Metadata (MODS)</a><br/>\n <a href=""https://www.govinfo.gov/metadata/pkg/BILLS-116s4641is/premis.xml"">Preservation Metadata (PREMIS)</a><br/>\n <h2>All Content and Metadata files, including granules</h2> <a href=""https://www.govinfo.gov/content/pkg/BILLS-116s4641is.zip"">ZIP</a>\n '"
b'BILLS-116s4643is',b'S.\xc2\xa04643\xc2\xa0(IS) - Forest Incentives Program Act of 2020',"b'Tue, 22 Sep 2020 00:00:00 +0000'",b'Bills and Statutes',b'https://www.govinfo.gov/app/details/BILLS-116s4643is',"b' <h2>Content Files</h2>\n <a href=""https://www.govinfo.gov/content/pkg/BILLS-116s4643is/pdf/BILLS-116s4643is.pdf"">PDF</a><br/>\n <a href=""https://www.govinfo.gov/content/pkg/BILLS-116s4643is/xml/BILLS-116s4643is.xml"">XML</a><br/>\n \n \n <h2>Metadata download</h2>\n <a href=""https://www.govinfo.gov/metadata/pkg/BILLS-116s4643is/mods.xml"">Descriptive Metadata (MODS)</a><br/>\n <a href=""https://www.govinfo.gov/metadata/pkg/BILLS-116s4643is/premis.xml"">Preservation Metadata (PREMIS)</a><br/>\n <h2>All Content and Metadata files, including granules</h2> <a href=""https://www.govinfo.gov/content/pkg/BILLS-116s4643is.zip"">ZIP</a>\n '"
b'BILLS-116hr11ih',"b'H.R.\xc2\xa011\xc2\xa0(IH) - Commitment to American Growth, Renewal, and Opportunities for Workers, Technology, and Health Act'","b'Fri, 09 Oct 2020 00:00:00 +0000'",b'Bills and Statutes',b'https://www.govinfo.gov/app/details/BILLS-116hr11ih',"b' <h2>Content Files</h2>\n <a href=""https://www.govinfo.gov/content/pkg/BILLS-116hr11ih/pdf/BILLS-116hr11ih.pdf"">PDF</a><br/>\n <a href=""https://www.govinfo.gov/content/pkg/BILLS-116hr11ih/xml/BILLS-116hr11ih.xml"">XML</a><br/>\n \n \n <h2>Metadata download</h2>\n <a href=""https://www.govinfo.gov/metadata/pkg/BILLS-116hr11ih/mods.xml"">Descriptive Metadata (MODS)</a><br/>\n <a href=""https://www.govinfo.gov/metadata/pkg/BILLS-116hr11ih/premis.xml"">Preservation Metadata (PREMIS)</a><br/>\n <h2>All Content and Metadata files, including granules</h2> <a href=""https://www.govinfo.gov/content/pkg/BILLS-116hr11ih.zip"">ZIP</a>\n '"
b'BILLS-116sres724is',b'S. Res.\xc2\xa0724\xc2\xa0(IS) - Expressing the sense of the Senate regarding the practice of politically motivated imprisonment of women around the world and calling on governments for the immediate release of women who are political prisoners.',"b'Thu, 24 Sep 2020 00:00:00 +0000'",b'Bills and Statutes',b'https://www.govinfo.gov/app/details/BILLS-116sres724is',"b' <h2>Content Files</h2>\n <a href=""https://www.govinfo.gov/content/pkg/BILLS-116sres724is/pdf/BILLS-116sres724is.pdf"">PDF</a><br/>\n <a href=""https://www.govinfo.gov/content/pkg/BILLS-116sres724is/xml/BILLS-116sres724is.xml"">XML</a><br/>\n \n \n <h2>Metadata download</h2>\n <a href=""https://www.govinfo.gov/metadata/pkg/BILLS-116sres724is/mods.xml"">Descriptive Metadata (MODS)</a><br/>\n <a href=""https://www.govinfo.gov/metadata/pkg/BILLS-116sres724is/premis.xml"">Preservation Metadata (PREMIS)</a><br/>\n <h2>All Content and Metadata files, including granules</h2> <a href=""https://www.govinfo.gov/content/pkg/BILLS-116sres724is.zip"">ZIP</a>\n '"
b'BILLS-116hr8594ih',b'H.R.\xc2\xa08594\xc2\xa0(IH) - For the relief of Irida Kakhtiranova.',"b'Tue, 13 Oct 2020 00:00:00 +0000'",b'Bills and Statutes',b'https://www.govinfo.gov/app/details/BILLS-116hr8594ih',"b' <h2>Content Files</h2>\n <a href=""https://www.govinfo.gov/content/pkg/BILLS-116hr8594ih/pdf/BILLS-116hr8594ih.pdf"">PDF</a><br/>\n <a href=""https://www.govinfo.gov/content/pkg/BILLS-116hr8594ih/xml/BILLS-116hr8594ih.xml"">XML</a><br/>\n \n \n <h2>Metadata download</h2>\n <a href=""https://www.govinfo.gov/metadata/pkg/BILLS-116hr8594ih/mods.xml"">Descriptive Metadata (MODS)</a><br/>\n <a href=""https://www.govinfo.gov/metadata/pkg/BILLS-116hr8594ih/premis.xml"">Preservation Metadata (PREMIS)</a><br/>\n <h2>All Content and Metadata files, including granules</h2> <a href=""https://www.govinfo.gov/content/pkg/BILLS-116hr8594ih.zip"">ZIP</a>\n '"
b'BILLS-116hres1190ih',b'H. Res.\xc2\xa01190\xc2\xa0(IH) - Thanking and promoting the professions of perinatal nurses by encouraging participation in National Perinatal Nurses Week.',"b'Tue, 13 Oct 2020 00:00:00 +0000'",b'Bills and Statutes',b'https://www.govinfo.gov/app/details/BILLS-116hres1190ih',"b' <h2>Content Files</h2>\n <a href=""https://www.govinfo.gov/content/pkg/BILLS-116hres1190ih/pdf/BILLS-116hres1190ih.pdf"">PDF</a><br/>\n <a href=""https://www.govinfo.gov/content/pkg/BILLS-116hres1190ih/xml/BILLS-116hres1190ih.xml"">XML</a><br/>\n \n \n <h2>Metadata download</h2>\n <a href=""https://www.govinfo.gov/metadata/pkg/BILLS-116hres1190ih/mods.xml"">Descriptive Metadata (MODS)</a><br/>\n <a href=""https://www.govinfo.gov/metadata/pkg/BILLS-116hres1190ih/premis.xml"">Preservation Metadata (PREMIS)</a><br/>\n <h2>All Content and Metadata files, including granules</h2> <a href=""https://www.govinfo.gov/content/pkg/BILLS-116hres1190ih.zip"">ZIP</a>\n '"
b'BILLS-116s4640is',b'S.\xc2\xa04640\xc2\xa0(IS) - Medication Access and Training Expansion Act of 2020',"b'Tue, 22 Sep 2020 00:00:00 +0000'",b'Bills and Statutes',b'https://www.govinfo.gov/app/details/BILLS-116s4640is',"b' <h2>Content Files</h2>\n <a href=""https://www.govinfo.gov/content/pkg/BILLS-116s4640is/pdf/BILLS-116s4640is.pdf"">PDF</a><br/>\n <a href=""https://www.govinfo.gov/content/pkg/BILLS-116s4640is/xml/BILLS-116s4640is.xml"">XML</a><br/>\n \n \n <h2>Metadata download</h2>\n <a href=""https://www.govinfo.gov/metadata/pkg/BILLS-116s4640is/mods.xml"">Descriptive Metadata (MODS)</a><br/>\n <a href=""https://www.govinfo.gov/metadata/pkg/BILLS-116s4640is/premis.xml"">Preservation Metadata (PREMIS)</a><br/>\n <h2>All Content and Metadata files, including granules</h2> <a href=""https://www.govinfo.gov/content/pkg/BILLS-116s4640is.zip"">ZIP</a>\n '"
b'BILLS-116s4637is',b'S.\xc2\xa04637\xc2\xa0(IS) - Angel Tax Credit Act',"b'Tue, 22 Sep 2020 00:00:00 +0000'",b'Bills and Statutes',b'https://www.govinfo.gov/app/details/BILLS-116s4637is',"b' <h2>Content Files</h2>\n <a href=""https://www.govinfo.gov/content/pkg/BILLS-116s4637is/pdf/BILLS-116s4637is.pdf"">PDF</a><br/>\n <a href=""https://www.govinfo.gov/content/pkg/BILLS-116s4637is/xml/BILLS-116s4637is.xml"">XML</a><br/>\n \n \n <h2>Metadata download</h2>\n <a href=""https://www.govinfo.gov/metadata/pkg/BILLS-116s4637is/mods.xml"">Descriptive Metadata (MODS)</a><br/>\n <a href=""https://www.govinfo.gov/metadata/pkg/BILLS-116s4637is/premis.xml"">Preservation Metadata (PREMIS)</a><br/>\n <h2>All Content and Metadata files, including granules</h2> <a href=""https://www.govinfo.gov/content/pkg/BILLS-116s4637is.zip"">ZIP</a>\n '"
b'BILLS-116s4639is',b'S.\xc2\xa04639\xc2\xa0(IS) - Helping Parents During COVID Act of 2020',"b'Tue, 22 Sep 2020 00:00:00 +0000'",b'Bills and Statutes',b'https://www.govinfo.gov/app/details/BILLS-116s4639is',"b' <h2>Content Files</h2>\n <a href=""https://www.govinfo.gov/content/pkg/BILLS-116s4639is/pdf/BILLS-116s4639is.pdf"">PDF</a><br/>\n <a href=""https://www.govinfo.gov/content/pkg/BILLS-116s4639is/xml/BILLS-116s4639is.xml"">XML</a><br/>\n \n \n <h2>Metadata download</h2>\n <a href=""https://www.govinfo.gov/metadata/pkg/BILLS-116s4639is/mods.xml"">Descriptive Metadata (MODS)</a><br/>\n <a href=""https://www.govinfo.gov/metadata/pkg/BILLS-116s4639is/premis.xml"">Preservation Metadata (PREMIS)</a><br/>\n <h2>All Content and Metadata files, including granules</h2> <a href=""https://www.govinfo.gov/content/pkg/BILLS-116s4639is.zip"">ZIP</a>\n '"
b'BILLS-116s4635is',b'S.\xc2\xa04635\xc2\xa0(IS) - Combating Trafficking of Cuban Doctors Act of 2020',"b'Mon, 21 Sep 2020 00:00:00 +0000'",b'Bills and Statutes',b'https://www.govinfo.gov/app/details/BILLS-116s4635is',"b' <h2>Content Files</h2>\n <a href=""https://www.govinfo.gov/content/pkg/BILLS-116s4635is/pdf/BILLS-116s4635is.pdf"">PDF</a><br/>\n <a href=""https://www.govinfo.gov/content/pkg/BILLS-116s4635is/xml/BILLS-116s4635is.xml"">XML</a><br/>\n \n \n <h2>Metadata download</h2>\n <a href=""https://www.govinfo.gov/metadata/pkg/BILLS-116s4635is/mods.xml"">Descriptive Metadata (MODS)</a><br/>\n <a href=""https://www.govinfo.gov/metadata/pkg/BILLS-116s4635is/premis.xml"">Preservation Metadata (PREMIS)</a><br/>\n <h2>All Content and Metadata files, including granules</h2> <a href=""https://www.govinfo.gov/content/pkg/BILLS-116s4635is.zip"">ZIP</a>\n '"
b'BILLS-116hr8593ih',"b'H.R.\xc2\xa08593\xc2\xa0(IH) - For the relief of Lucio Enrique Perez Ortiz, Dora Gonzalez Santizo, and Edvin Oriany Perez Gonzalez.'","b'Tue, 13 Oct 2020 00:00:00 +0000'",b'Bills and Statutes',b'https://www.govinfo.gov/app/details/BILLS-116hr8593ih',"b' <h2>Content Files</h2>\n <a href=""https://www.govinfo.gov/content/pkg/BILLS-116hr8593ih/pdf/BILLS-116hr8593ih.pdf"">PDF</a><br/>\n <a href=""https://www.govinfo.gov/content/pkg/BILLS-116hr8593ih/xml/BILLS-116hr8593ih.xml"">XML</a><br/>\n \n \n <h2>Metadata download</h2>\n <a href=""https://www.govinfo.gov/metadata/pkg/BILLS-116hr8593ih/mods.xml"">Descriptive Metadata (MODS)</a><br/>\n <a href=""https://www.govinfo.gov/metadata/pkg/BILLS-116hr8593ih/premis.xml"">Preservation Metadata (PREMIS)</a><br/>\n <h2>All Content and Metadata files, including granules</h2> <a href=""https://www.govinfo.gov/content/pkg/BILLS-116hr8593ih.zip"">ZIP</a>\n '"
b'BILLS-116hr5373rfs',b'H.R.\xc2\xa05373\xc2\xa0(RFS) - United States Anti-Doping Agency Reauthorization Act of 2020',"b'Wed, 30 Sep 2020 00:00:00 +0000'",b'Bills and Statutes',b'https://www.govinfo.gov/app/details/BILLS-116hr5373rfs',"b' <h2>Content Files</h2>\n <a href=""https://www.govinfo.gov/content/pkg/BILLS-116hr5373rfs/pdf/BILLS-116hr5373rfs.pdf"">PDF</a><br/>\n <a href=""https://www.govinfo.gov/content/pkg/BILLS-116hr5373rfs/xml/BILLS-116hr5373rfs.xml"">XML</a><br/>\n \n \n <h2>Metadata download</h2>\n <a href=""https://www.govinfo.gov/metadata/pkg/BILLS-116hr5373rfs/mods.xml"">Descriptive Metadata (MODS)</a><br/>\n <a href=""https://www.govinfo.gov/metadata/pkg/BILLS-116hr5373rfs/premis.xml"">Preservation Metadata (PREMIS)</a><br/>\n <h2>All Content and Metadata files, including granules</h2> <a href=""https://www.govinfo.gov/content/pkg/BILLS-116hr5373rfs.zip"">ZIP</a>\n '"
b'BILLS-116s4646is',b'S.\xc2\xa04646\xc2\xa0(IS) - Unplug the Internet Kill Switch Act of 2020',"b'Tue, 22 Sep 2020 00:00:00 +0000'",b'Bills and Statutes',b'https://www.govinfo.gov/app/details/BILLS-116s4646is',"b' <h2>Content Files</h2>\n <a href=""https://www.govinfo.gov/content/pkg/BILLS-116s4646is/pdf/BILLS-116s4646is.pdf"">PDF</a><br/>\n <a href=""https://www.govinfo.gov/content/pkg/BILLS-116s4646is/xml/BILLS-116s4646is.xml"">XML</a><br/>\n \n \n <h2>Metadata download</h2>\n <a href=""https://www.govinfo.gov/metadata/pkg/BILLS-116s4646is/mods.xml"">Descriptive Metadata (MODS)</a><br/>\n <a href=""https://www.govinfo.gov/metadata/pkg/BILLS-116s4646is/premis.xml"">Preservation Metadata (PREMIS)</a><br/>\n <h2>All Content and Metadata files, including granules</h2> <a href=""https://www.govinfo.gov/content/pkg/BILLS-116s4646is.zip"">ZIP</a>\n '"
b'BILLS-116s4648is',b'S.\xc2\xa04648\xc2\xa0(IS) - To amend the Controlled Substances Act to list isotonitazene as a schedule I controlled substance.',"b'Tue, 22 Sep 2020 00:00:00 +0000'",b'Bills and Statutes',b'https://www.govinfo.gov/app/details/BILLS-116s4648is',"b' <h2>Content Files</h2>\n <a href=""https://www.govinfo.gov/content/pkg/BILLS-116s4648is/pdf/BILLS-116s4648is.pdf"">PDF</a><br/>\n <a href=""https://www.govinfo.gov/content/pkg/BILLS-116s4648is/xml/BILLS-116s4648is.xml"">XML</a><br/>\n \n \n <h2>Metadata download</h2>\n <a href=""https://www.govinfo.gov/metadata/pkg/BILLS-116s4648is/mods.xml"">Descriptive Metadata (MODS)</a><br/>\n <a href=""https://www.govinfo.gov/metadata/pkg/BILLS-116s4648is/premis.xml"">Preservation Metadata (PREMIS)</a><br/>\n <h2>All Content and Metadata files, including granules</h2> <a href=""https://www.govinfo.gov/content/pkg/BILLS-116s4648is.zip"">ZIP</a>\n '"
b'BILLS-116s4650is',"b'S.\xc2\xa04650\xc2\xa0(IS) - To amend the Migratory Bird Treaty Act to clarify the treatment of authentic Alaska Native articles of handicraft containing nonedible migratory bird parts, and for other purposes.'","b'Tue, 22 Sep 2020 00:00:00 +0000'",b'Bills and Statutes',b'https://www.govinfo.gov/app/details/BILLS-116s4650is',"b' <h2>Content Files</h2>\n <a href=""https://www.govinfo.gov/content/pkg/BILLS-116s4650is/pdf/BILLS-116s4650is.pdf"">PDF</a><br/>\n <a href=""https://www.govinfo.gov/content/pkg/BILLS-116s4650is/xml/BILLS-116s4650is.xml"">XML</a><br/>\n \n \n <h2>Metadata download</h2>\n <a href=""https://www.govinfo.gov/metadata/pkg/BILLS-116s4650is/mods.xml"">Descriptive Metadata (MODS)</a><br/>\n <a href=""https://www.govinfo.gov/metadata/pkg/BILLS-116s4650is/premis.xml"">Preservation Metadata (PREMIS)</a><br/>\n <h2>All Content and Metadata files, including granules</h2> <a href=""https://www.govinfo.gov/content/pkg/BILLS-116s4650is.zip"">ZIP</a>\n '"
b'BILLS-116s4657is',"b'S.\xc2\xa04657\xc2\xa0(IS) - To direct the Secretary of Veterans Affairs to designate one week each year as Buddy Check Week for the purpose of outreach and education concerning peer wellness checks for veterans, and for other purposes.'","b'Wed, 23 Sep 2020 00:00:00 +0000'",b'Bills and Statutes',b'https://www.govinfo.gov/app/details/BILLS-116s4657is',"b' <h2>Content Files</h2>\n <a href=""https://www.govinfo.gov/content/pkg/BILLS-116s4657is/pdf/BILLS-116s4657is.pdf"">PDF</a><br/>\n <a href=""https://www.govinfo.gov/content/pkg/BILLS-116s4657is/xml/BILLS-116s4657is.xml"">XML</a><br/>\n \n \n <h2>Metadata download</h2>\n <a href=""https://www.govinfo.gov/metadata/pkg/BILLS-116s4657is/mods.xml"">Descriptive Metadata (MODS)</a><br/>\n <a href=""https://www.govinfo.gov/metadata/pkg/BILLS-116s4657is/premis.xml"">Preservation Metadata (PREMIS)</a><br/>\n <h2>All Content and Metadata files, including granules</h2> <a href=""https://www.govinfo.gov/content/pkg/BILLS-116s4657is.zip"">ZIP</a>\n '"
b'BILLS-116s4626is',"b'S.\xc2\xa04626\xc2\xa0(IS) - Setting an American Framework to Ensure Data Access, Transparency, and Accountability Act'","b'Thu, 17 Sep 2020 00:00:00 +0000'",b'Bills and Statutes',b'https://www.govinfo.gov/app/details/BILLS-116s4626is',"b' <h2>Content Files</h2>\n <a href=""https://www.govinfo.gov/content/pkg/BILLS-116s4626is/pdf/BILLS-116s4626is.pdf"">PDF</a><br/>\n <a href=""https://www.govinfo.gov/content/pkg/BILLS-116s4626is/xml/BILLS-116s4626is.xml"">XML</a><br/>\n \n \n <h2>Metadata download</h2>\n <a href=""https://www.govinfo.gov/metadata/pkg/BILLS-116s4626is/mods.xml"">Descriptive Metadata (MODS)</a><br/>\n <a href=""https://www.govinfo.gov/metadata/pkg/BILLS-116s4626is/premis.xml"">Preservation Metadata (PREMIS)</a><br/>\n <h2>All Content and Metadata files, including granules</h2> <a href=""https://www.govinfo.gov/content/pkg/BILLS-116s4626is.zip"">ZIP</a>\n '"
b'BILLS-116s4632is',b'S.\xc2\xa04632\xc2\xa0(IS) - Online Content Policy Modernization Act',"b'Mon, 21 Sep 2020 00:00:00 +0000'",b'Bills and Statutes',b'https://www.govinfo.gov/app/details/BILLS-116s4632is',"b' <h2>Content Files</h2>\n <a href=""https://www.govinfo.gov/content/pkg/BILLS-116s4632is/pdf/BILLS-116s4632is.pdf"">PDF</a><br/>\n <a href=""https://www.govinfo.gov/content/pkg/BILLS-116s4632is/xml/BILLS-116s4632is.xml"">XML</a><br/>\n \n \n <h2>Metadata download</h2>\n <a href=""https://www.govinfo.gov/metadata/pkg/BILLS-116s4632is/mods.xml"">Descriptive Metadata (MODS)</a><br/>\n <a href=""https://www.govinfo.gov/metadata/pkg/BILLS-116s4632is/premis.xml"">Preservation Metadata (PREMIS)</a><br/>\n <h2>All Content and Metadata files, including granules</h2> <a href=""https://www.govinfo.gov/content/pkg/BILLS-116s4632is.zip"">ZIP</a>\n '"
b'BILLS-116s4645is',b'S.\xc2\xa04645\xc2\xa0(IS) - Amy and Jocelyn Gannon Helicopter Tour Safety Act',"b'Tue, 22 Sep 2020 00:00:00 +0000'",b'Bills and Statutes',b'https://www.govinfo.gov/app/details/BILLS-116s4645is',"b' <h2>Content Files</h2>\n <a href=""https://www.govinfo.gov/content/pkg/BILLS-116s4645is/pdf/BILLS-116s4645is.pdf"">PDF</a><br/>\n <a href=""https://www.govinfo.gov/content/pkg/BILLS-116s4645is/xml/BILLS-116s4645is.xml"">XML</a><br/>\n \n \n <h2>Metadata download</h2>\n <a href=""https://www.govinfo.gov/metadata/pkg/BILLS-116s4645is/mods.xml"">Descriptive Metadata (MODS)</a><br/>\n <a href=""https://www.govinfo.gov/metadata/pkg/BILLS-116s4645is/premis.xml"">Preservation Metadata (PREMIS)</a><br/>\n <h2>All Content and Metadata files, including granules</h2> <a href=""https://www.govinfo.gov/content/pkg/BILLS-116s4645is.zip"">ZIP</a>\n '"
b'BILLS-116s4656is',"b'S.\xc2\xa04656\xc2\xa0(IS) - To amend title 38, United States Code, to provide for a reduction in certain loan fees for certain veterans affected by major disasters.'","b'Tue, 22 Sep 2020 00:00:00 +0000'",b'Bills and Statutes',b'https://www.govinfo.gov/app/details/BILLS-116s4656is',"b' <h2>Content Files</h2>\n <a href=""https://www.govinfo.gov/content/pkg/BILLS-116s4656is/pdf/BILLS-116s4656is.pdf"">PDF</a><br/>\n <a href=""https://www.govinfo.gov/content/pkg/BILLS-116s4656is/xml/BILLS-116s4656is.xml"">XML</a><br/>\n \n \n <h2>Metadata download</h2>\n <a href=""https://www.govinfo.gov/metadata/pkg/BILLS-116s4656is/mods.xml"">Descriptive Metadata (MODS)</a><br/>\n <a href=""https://www.govinfo.gov/metadata/pkg/BILLS-116s4656is/premis.xml"">Preservation Metadata (PREMIS)</a><br/>\n <h2>All Content and Metadata files, including granules</h2> <a href=""https://www.govinfo.gov/content/pkg/BILLS-116s4656is.zip"">ZIP</a>\n '"
b'BILLS-116s4642is',b'S.\xc2\xa04642\xc2\xa0(IS) - Oil and Gas Bonding Reform and Orphaned Well Remediation Act',"b'Tue, 22 Sep 2020 00:00:00 +0000'",b'Bills and Statutes',b'https://www.govinfo.gov/app/details/BILLS-116s4642is',"b' <h2>Content Files</h2>\n <a href=""https://www.govinfo.gov/content/pkg/BILLS-116s4642is/pdf/BILLS-116s4642is.pdf"">PDF</a><br/>\n <a href=""https://www.govinfo.gov/content/pkg/BILLS-116s4642is/xml/BILLS-116s4642is.xml"">XML</a><br/>\n \n \n <h2>Metadata download</h2>\n <a href=""https://www.govinfo.gov/metadata/pkg/BILLS-116s4642is/mods.xml"">Descriptive Metadata (MODS)</a><br/>\n <a href=""https://www.govinfo.gov/metadata/pkg/BILLS-116s4642is/premis.xml"">Preservation Metadata (PREMIS)</a><br/>\n <h2>All Content and Metadata files, including granules</h2> <a href=""https://www.govinfo.gov/content/pkg/BILLS-116s4642is.zip"">ZIP</a>\n '"
b'BILLS-116s4647is',b'S.\xc2\xa04647\xc2\xa0(IS) - Cattle Market Transparency Act of 2020',"b'Tue, 22 Sep 2020 00:00:00 +0000'",b'Bills and Statutes',b'https://www.govinfo.gov/app/details/BILLS-116s4647is',"b' <h2>Content Files</h2>\n <a href=""https://www.govinfo.gov/content/pkg/BILLS-116s4647is/pdf/BILLS-116s4647is.pdf"">PDF</a><br/>\n <a href=""https://www.govinfo.gov/content/pkg/BILLS-116s4647is/xml/BILLS-116s4647is.xml"">XML</a><br/>\n \n \n <h2>Metadata download</h2>\n <a href=""https://www.govinfo.gov/metadata/pkg/BILLS-116s4647is/mods.xml"">Descriptive Metadata (MODS)</a><br/>\n <a href=""https://www.govinfo.gov/metadata/pkg/BILLS-116s4647is/premis.xml"">Preservation Metadata (PREMIS)</a><br/>\n <h2>All Content and Metadata files, including granules</h2> <a href=""https://www.govinfo.gov/content/pkg/BILLS-116s4647is.zip"">ZIP</a>\n '"
b'BILLS-116s4636is',b'S.\xc2\xa04636\xc2\xa0(IS) - Giving Relief to American Communities in Emergencies Act',"b'Mon, 21 Sep 2020 00:00:00 +0000'",b'Bills and Statutes',b'https://www.govinfo.gov/app/details/BILLS-116s4636is',"b' <h2>Content Files</h2>\n <a href=""https://www.govinfo.gov/content/pkg/BILLS-116s4636is/pdf/BILLS-116s4636is.pdf"">PDF</a><br/>\n <a href=""https://www.govinfo.gov/content/pkg/BILLS-116s4636is/xml/BILLS-116s4636is.xml"">XML</a><br/>\n \n \n <h2>Metadata download</h2>\n <a href=""https://www.govinfo.gov/metadata/pkg/BILLS-116s4636is/mods.xml"">Descriptive Metadata (MODS)</a><br/>\n <a href=""https://www.govinfo.gov/metadata/pkg/BILLS-116s4636is/premis.xml"">Preservation Metadata (PREMIS)</a><br/>\n <h2>All Content and Metadata files, including granules</h2> <a href=""https://www.govinfo.gov/content/pkg/BILLS-116s4636is.zip"">ZIP</a>\n '"
b'BILLS-116s4638is',b'S.\xc2\xa04638\xc2\xa0(IS) - Science and Transparency Over Politics Act',"b'Tue, 22 Sep 2020 00:00:00 +0000'",b'Bills and Statutes',b'https://www.govinfo.gov/app/details/BILLS-116s4638is',"b' <h2>Content Files</h2>\n <a href=""https://www.govinfo.gov/content/pkg/BILLS-116s4638is/pdf/BILLS-116s4638is.pdf"">PDF</a><br/>\n <a href=""https://www.govinfo.gov/content/pkg/BILLS-116s4638is/xml/BILLS-116s4638is.xml"">XML</a><br/>\n \n \n <h2>Metadata download</h2>\n <a href=""https://www.govinfo.gov/metadata/pkg/BILLS-116s4638is/mods.xml"">Descriptive Metadata (MODS)</a><br/>\n <a href=""https://www.govinfo.gov/metadata/pkg/BILLS-116s4638is/premis.xml"">Preservation Metadata (PREMIS)</a><br/>\n <h2>All Content and Metadata files, including granules</h2> <a href=""https://www.govinfo.gov/content/pkg/BILLS-116s4638is.zip"">ZIP</a>\n '"
b'BILLS-116s4651is',b'S.\xc2\xa04651\xc2\xa0(IS) - National Transit Frontline Workforce Training Act of 2020',"b'Tue, 22 Sep 2020 00:00:00 +0000'",b'Bills and Statutes',b'https://www.govinfo.gov/app/details/BILLS-116s4651is',"b' <h2>Content Files</h2>\n <a href=""https://www.govinfo.gov/content/pkg/BILLS-116s4651is/pdf/BILLS-116s4651is.pdf"">PDF</a><br/>\n <a href=""https://www.govinfo.gov/content/pkg/BILLS-116s4651is/xml/BILLS-116s4651is.xml"">XML</a><br/>\n \n \n <h2>Metadata download</h2>\n <a href=""https://www.govinfo.gov/metadata/pkg/BILLS-116s4651is/mods.xml"">Descriptive Metadata (MODS)</a><br/>\n <a href=""https://www.govinfo.gov/metadata/pkg/BILLS-116s4651is/premis.xml"">Preservation Metadata (PREMIS)</a><br/>\n <h2>All Content and Metadata files, including granules</h2> <a href=""https://www.govinfo.gov/content/pkg/BILLS-116s4651is.zip"">ZIP</a>\n '"
b'BILLS-116s4652is',b'S.\xc2\xa04652\xc2\xa0(IS) - Election Mail Act of 2020',"b'Tue, 22 Sep 2020 00:00:00 +0000'",b'Bills and Statutes',b'https://www.govinfo.gov/app/details/BILLS-116s4652is',"b' <h2>Content Files</h2>\n <a href=""https://www.govinfo.gov/content/pkg/BILLS-116s4652is/pdf/BILLS-116s4652is.pdf"">PDF</a><br/>\n <a href=""https://www.govinfo.gov/content/pkg/BILLS-116s4652is/xml/BILLS-116s4652is.xml"">XML</a><br/>\n \n \n <h2>Metadata download</h2>\n <a href=""https://www.govinfo.gov/metadata/pkg/BILLS-116s4652is/mods.xml"">Descriptive Metadata (MODS)</a><br/>\n <a href=""https://www.govinfo.gov/metadata/pkg/BILLS-116s4652is/premis.xml"">Preservation Metadata (PREMIS)</a><br/>\n <h2>All Content and Metadata files, including granules</h2> <a href=""https://www.govinfo.gov/content/pkg/BILLS-116s4652is.zip"">ZIP</a>\n '"
b'BILLS-116s4649is',b'S.\xc2\xa04649\xc2\xa0(IS) - Protection of Women and Girls in Sports Act of 2020',"b'Tue, 22 Sep 2020 00:00:00 +0000'",b'Bills and Statutes',b'https://www.govinfo.gov/app/details/BILLS-116s4649is',"b' <h2>Content Files</h2>\n <a href=""https://www.govinfo.gov/content/pkg/BILLS-116s4649is/pdf/BILLS-116s4649is.pdf"">PDF</a><br/>\n <a href=""https://www.govinfo.gov/content/pkg/BILLS-116s4649is/xml/BILLS-116s4649is.xml"">XML</a><br/>\n \n \n <h2>Metadata download</h2>\n <a href=""https://www.govinfo.gov/metadata/pkg/BILLS-116s4649is/mods.xml"">Descriptive Metadata (MODS)</a><br/>\n <a href=""https://www.govinfo.gov/metadata/pkg/BILLS-116s4649is/premis.xml"">Preservation Metadata (PREMIS)</a><br/>\n <h2>All Content and Metadata files, including granules</h2> <a href=""https://www.govinfo.gov/content/pkg/BILLS-116s4649is.zip"">ZIP</a>\n '"
b'BILLS-116s4631is',b'S.\xc2\xa04631\xc2\xa0(IS) - Hong Kong Refugee Protection Act',"b'Mon, 21 Sep 2020 00:00:00 +0000'",b'Bills and Statutes',b'https://www.govinfo.gov/app/details/BILLS-116s4631is',"b' <h2>Content Files</h2>\n <a href=""https://www.govinfo.gov/content/pkg/BILLS-116s4631is/pdf/BILLS-116s4631is.pdf"">PDF</a><br/>\n <a href=""https://www.govinfo.gov/content/pkg/BILLS-116s4631is/xml/BILLS-116s4631is.xml"">XML</a><br/>\n \n \n <h2>Metadata download</h2>\n <a href=""https://www.govinfo.gov/metadata/pkg/BILLS-116s4631is/mods.xml"">Descriptive Metadata (MODS)</a><br/>\n <a href=""https://www.govinfo.gov/metadata/pkg/BILLS-116s4631is/premis.xml"">Preservation Metadata (PREMIS)</a><br/>\n <h2>All Content and Metadata files, including granules</h2> <a href=""https://www.govinfo.gov/content/pkg/BILLS-116s4631is.zip"">ZIP</a>\n '"
b'BILLS-116s4654is',b'S.\xc2\xa04654\xc2\xa0(IS) - Great Lakes Navigation Act of 2020',"b'Tue, 22 Sep 2020 00:00:00 +0000'",b'Bills and Statutes',b'https://www.govinfo.gov/app/details/BILLS-116s4654is',"b' <h2>Content Files</h2>\n <a href=""https://www.govinfo.gov/content/pkg/BILLS-116s4654is/pdf/BILLS-116s4654is.pdf"">PDF</a><br/>\n <a href=""https://www.govinfo.gov/content/pkg/BILLS-116s4654is/xml/BILLS-116s4654is.xml"">XML</a><br/>\n \n \n <h2>Metadata download</h2>\n <a href=""https://www.govinfo.gov/metadata/pkg/BILLS-116s4654is/mods.xml"">Descriptive Metadata (MODS)</a><br/>\n <a href=""https://www.govinfo.gov/metadata/pkg/BILLS-116s4654is/premis.xml"">Preservation Metadata (PREMIS)</a><br/>\n <h2>All Content and Metadata files, including granules</h2> <a href=""https://www.govinfo.gov/content/pkg/BILLS-116s4654is.zip"">ZIP</a>\n '"
b'BILLS-116s4644is',b'S.\xc2\xa04644\xc2\xa0(IS) - Minority Depository Institution and Community Bank Deposit Access Act of 2020',"b'Tue, 22 Sep 2020 00:00:00 +0000'",b'Bills and Statutes',b'https://www.govinfo.gov/app/details/BILLS-116s4644is',"b' <h2>Content Files</h2>\n <a href=""https://www.govinfo.gov/content/pkg/BILLS-116s4644is/pdf/BILLS-116s4644is.pdf"">PDF</a><br/>\n <a href=""https://www.govinfo.gov/content/pkg/BILLS-116s4644is/xml/BILLS-116s4644is.xml"">XML</a><br/>\n \n \n <h2>Metadata download</h2>\n <a href=""https://www.govinfo.gov/metadata/pkg/BILLS-116s4644is/mods.xml"">Descriptive Metadata (MODS)</a><br/>\n <a href=""https://www.govinfo.gov/metadata/pkg/BILLS-116s4644is/premis.xml"">Preservation Metadata (PREMIS)</a><br/>\n <h2>All Content and Metadata files, including granules</h2> <a href=""https://www.govinfo.gov/content/pkg/BILLS-116s4644is.zip"">ZIP</a>\n '"
b'BILLS-116hr8363ih',b'H.R.\xc2\xa08363\xc2\xa0(IH) - Protecting Our Democracy Act',"b'Wed, 23 Sep 2020 00:00:00 +0000'",b'Bills and Statutes',b'https://www.govinfo.gov/app/details/BILLS-116hr8363ih',"b' <h2>Content Files</h2>\n <a href=""https://www.govinfo.gov/content/pkg/BILLS-116hr8363ih/pdf/BILLS-116hr8363ih.pdf"">PDF</a><br/>\n <a href=""https://www.govinfo.gov/content/pkg/BILLS-116hr8363ih/xml/BILLS-116hr8363ih.xml"">XML</a><br/>\n \n \n <h2>Metadata download</h2>\n <a href=""https://www.govinfo.gov/metadata/pkg/BILLS-116hr8363ih/mods.xml"">Descriptive Metadata (MODS)</a><br/>\n <a href=""https://www.govinfo.gov/metadata/pkg/BILLS-116hr8363ih/premis.xml"">Preservation Metadata (PREMIS)</a><br/>\n <h2>All Content and Metadata files, including granules</h2> <a href=""https://www.govinfo.gov/content/pkg/BILLS-116hr8363ih.zip"">ZIP</a>\n '"
b'BILLS-116hr8348ih',b'H.R.\xc2\xa08348\xc2\xa0(IH) - New York-New Jersey Watershed Protection Act',"b'Tue, 22 Sep 2020 00:00:00 +0000'",b'Bills and Statutes',b'https://www.govinfo.gov/app/details/BILLS-116hr8348ih',"b' <h2>Content Files</h2>\n <a href=""https://www.govinfo.gov/content/pkg/BILLS-116hr8348ih/pdf/BILLS-116hr8348ih.pdf"">PDF</a><br/>\n <a href=""https://www.govinfo.gov/content/pkg/BILLS-116hr8348ih/xml/BILLS-116hr8348ih.xml"">XML</a><br/>\n \n \n <h2>Metadata download</h2>\n <a href=""https://www.govinfo.gov/metadata/pkg/BILLS-116hr8348ih/mods.xml"">Descriptive Metadata (MODS)</a><br/>\n <a href=""https://www.govinfo.gov/metadata/pkg/BILLS-116hr8348ih/premis.xml"">Preservation Metadata (PREMIS)</a><br/>\n <h2>All Content and Metadata files, including granules</h2> <a href=""https://www.govinfo.gov/content/pkg/BILLS-116hr8348ih.zip"">ZIP</a>\n '"
b'BILLS-116s4663is',b'S.\xc2\xa04663\xc2\xa0(IS) - Coin Metal Modification Authorization and Cost Savings Act of 2020',"b'Wed, 23 Sep 2020 00:00:00 +0000'",b'Bills and Statutes',b'https://www.govinfo.gov/app/details/BILLS-116s4663is',"b' <h2>Content Files</h2>\n <a href=""https://www.govinfo.gov/content/pkg/BILLS-116s4663is/pdf/BILLS-116s4663is.pdf"">PDF</a><br/>\n <a href=""https://www.govinfo.gov/content/pkg/BILLS-116s4663is/xml/BILLS-116s4663is.xml"">XML</a><br/>\n \n \n <h2>Metadata download</h2>\n <a href=""https://www.govinfo.gov/metadata/pkg/BILLS-116s4663is/mods.xml"">Descriptive Metadata (MODS)</a><br/>\n <a href=""https://www.govinfo.gov/metadata/pkg/BILLS-116s4663is/premis.xml"">Preservation Metadata (PREMIS)</a><br/>\n <h2>All Content and Metadata files, including granules</h2> <a href=""https://www.govinfo.gov/content/pkg/BILLS-116s4663is.zip"">ZIP</a>\n '"
b'BILLS-116s4689is',b'S.\xc2\xa04689\xc2\xa0(IS) - Small Business Disaster Relief Equity Act of 2020',"b'Thu, 24 Sep 2020 00:00:00 +0000'",b'Bills and Statutes',b'https://www.govinfo.gov/app/details/BILLS-116s4689is',"b' <h2>Content Files</h2>\n <a href=""https://www.govinfo.gov/content/pkg/BILLS-116s4689is/pdf/BILLS-116s4689is.pdf"">PDF</a><br/>\n <a href=""https://www.govinfo.gov/content/pkg/BILLS-116s4689is/xml/BILLS-116s4689is.xml"">XML</a><br/>\n \n \n <h2>Metadata download</h2>\n <a href=""https://www.govinfo.gov/metadata/pkg/BILLS-116s4689is/mods.xml"">Descriptive Metadata (MODS)</a><br/>\n <a href=""https://www.govinfo.gov/metadata/pkg/BILLS-116s4689is/premis.xml"">Preservation Metadata (PREMIS)</a><br/>\n <h2>All Content and Metadata files, including granules</h2> <a href=""https://www.govinfo.gov/content/pkg/BILLS-116s4689is.zip"">ZIP</a>\n '"
b'BILLS-116s4673is',b'S.\xc2\xa04673\xc2\xa0(IS) - Reaffirming Property Rights Through Natural Gas Act Modernization Act',"b'Wed, 23 Sep 2020 00:00:00 +0000'",b'Bills and Statutes',b'https://www.govinfo.gov/app/details/BILLS-116s4673is',"b' <h2>Content Files</h2>\n <a href=""https://www.govinfo.gov/content/pkg/BILLS-116s4673is/pdf/BILLS-116s4673is.pdf"">PDF</a><br/>\n <a href=""https://www.govinfo.gov/content/pkg/BILLS-116s4673is/xml/BILLS-116s4673is.xml"">XML</a><br/>\n \n \n <h2>Metadata download</h2>\n <a href=""https://www.govinfo.gov/metadata/pkg/BILLS-116s4673is/mods.xml"">Descriptive Metadata (MODS)</a><br/>\n <a href=""https://www.govinfo.gov/metadata/pkg/BILLS-116s4673is/premis.xml"">Preservation Metadata (PREMIS)</a><br/>\n <h2>All Content and Metadata files, including granules</h2> <a href=""https://www.govinfo.gov/content/pkg/BILLS-116s4673is.zip"">ZIP</a>\n '"
b'BILLS-116s4679is',b'S.\xc2\xa04679\xc2\xa0(IS) - Poverty Measurement Improvement Act',"b'Wed, 23 Sep 2020 00:00:00 +0000'",b'Bills and Statutes',b'https://www.govinfo.gov/app/details/BILLS-116s4679is',"b' <h2>Content Files</h2>\n <a href=""https://www.govinfo.gov/content/pkg/BILLS-116s4679is/pdf/BILLS-116s4679is.pdf"">PDF</a><br/>\n <a href=""https://www.govinfo.gov/content/pkg/BILLS-116s4679is/xml/BILLS-116s4679is.xml"">XML</a><br/>\n \n \n <h2>Metadata download</h2>\n <a href=""https://www.govinfo.gov/metadata/pkg/BILLS-116s4679is/mods.xml"">Descriptive Metadata (MODS)</a><br/>\n <a href=""https://www.govinfo.gov/metadata/pkg/BILLS-116s4679is/premis.xml"">Preservation Metadata (PREMIS)</a><br/>\n <h2>All Content and Metadata files, including granules</h2> <a href=""https://www.govinfo.gov/content/pkg/BILLS-116s4679is.zip"">ZIP</a>\n '"
b'BILLS-116s4660is',b'S.\xc2\xa04660\xc2\xa0(IS) - Diversity in Defense Act of 2020',"b'Wed, 23 Sep 2020 00:00:00 +0000'",b'Bills and Statutes',b'https://www.govinfo.gov/app/details/BILLS-116s4660is',"b' <h2>Content Files</h2>\n <a href=""https://www.govinfo.gov/content/pkg/BILLS-116s4660is/pdf/BILLS-116s4660is.pdf"">PDF</a><br/>\n <a href=""https://www.govinfo.gov/content/pkg/BILLS-116s4660is/xml/BILLS-116s4660is.xml"">XML</a><br/>\n \n \n <h2>Metadata download</h2>\n <a href=""https://www.govinfo.gov/metadata/pkg/BILLS-116s4660is/mods.xml"">Descriptive Metadata (MODS)</a><br/>\n <a href=""https://www.govinfo.gov/metadata/pkg/BILLS-116s4660is/premis.xml"">Preservation Metadata (PREMIS)</a><br/>\n <h2>All Content and Metadata files, including granules</h2> <a href=""https://www.govinfo.gov/content/pkg/BILLS-116s4660is.zip"">ZIP</a>\n '"
b'BILLS-116s4661is',b'S.\xc2\xa04661\xc2\xa0(IS) - To authorize the President to posthumously award the Medal of Honor to Alwyn C. Cashe for acts of valor during Operation Iraqi Freedom.',"b'Wed, 23 Sep 2020 00:00:00 +0000'",b'Bills and Statutes',b'https://www.govinfo.gov/app/details/BILLS-116s4661is',"b' <h2>Content Files</h2>\n <a href=""https://www.govinfo.gov/content/pkg/BILLS-116s4661is/pdf/BILLS-116s4661is.pdf"">PDF</a><br/>\n <a href=""https://www.govinfo.gov/content/pkg/BILLS-116s4661is/xml/BILLS-116s4661is.xml"">XML</a><br/>\n \n \n <h2>Metadata download</h2>\n <a href=""https://www.govinfo.gov/metadata/pkg/BILLS-116s4661is/mods.xml"">Descriptive Metadata (MODS)</a><br/>\n <a href=""https://www.govinfo.gov/metadata/pkg/BILLS-116s4661is/premis.xml"">Preservation Metadata (PREMIS)</a><br/>\n <h2>All Content and Metadata files, including granules</h2> <a href=""https://www.govinfo.gov/content/pkg/BILLS-116s4661is.zip"">ZIP</a>\n '"
b'BILLS-116s4666is',b'S.\xc2\xa04666\xc2\xa0(IS) - National Coronavirus Commission Act of 2020',"b'Wed, 23 Sep 2020 00:00:00 +0000'",b'Bills and Statutes',b'https://www.govinfo.gov/app/details/BILLS-116s4666is',"b' <h2>Content Files</h2>\n <a href=""https://www.govinfo.gov/content/pkg/BILLS-116s4666is/pdf/BILLS-116s4666is.pdf"">PDF</a><br/>\n <a href=""https://www.govinfo.gov/content/pkg/BILLS-116s4666is/xml/BILLS-116s4666is.xml"">XML</a><br/>\n \n \n <h2>Metadata download</h2>\n <a href=""https://www.govinfo.gov/metadata/pkg/BILLS-116s4666is/mods.xml"">Descriptive Metadata (MODS)</a><br/>\n <a href=""https://www.govinfo.gov/metadata/pkg/BILLS-116s4666is/premis.xml"">Preservation Metadata (PREMIS)</a><br/>\n <h2>All Content and Metadata files, including granules</h2> <a href=""https://www.govinfo.gov/content/pkg/BILLS-116s4666is.zip"">ZIP</a>\n '"
b'BILLS-116s4672is',b'S.\xc2\xa04672\xc2\xa0(IS) - Timely ReAuthorization of Necessary Stem-cell Programs Lends Access to Needed Therapies Act of 2020',"b'Wed, 23 Sep 2020 00:00:00 +0000'",b'Bills and Statutes',b'https://www.govinfo.gov/app/details/BILLS-116s4672is',"b' <h2>Content Files</h2>\n <a href=""https://www.govinfo.gov/content/pkg/BILLS-116s4672is/pdf/BILLS-116s4672is.pdf"">PDF</a><br/>\n <a href=""https://www.govinfo.gov/content/pkg/BILLS-116s4672is/xml/BILLS-116s4672is.xml"">XML</a><br/>\n \n \n <h2>Metadata download</h2>\n <a href=""https://www.govinfo.gov/metadata/pkg/BILLS-116s4672is/mods.xml"">Descriptive Metadata (MODS)</a><br/>\n <a href=""https://www.govinfo.gov/metadata/pkg/BILLS-116s4672is/premis.xml"">Preservation Metadata (PREMIS)</a><br/>\n <h2>All Content and Metadata files, including granules</h2> <a href=""https://www.govinfo.gov/content/pkg/BILLS-116s4672is.zip"">ZIP</a>\n '"
b'BILLS-116s4665is',"b'S.\xc2\xa04665\xc2\xa0(IS) - To require senior officials to report payments received from the Federal Government and to improve the filing and disclosure of financial disclosures by Members of Congress, congressional staff, and very senior employees.'","b'Wed, 23 Sep 2020 00:00:00 +0000'",b'Bills and Statutes',b'https://www.govinfo.gov/app/details/BILLS-116s4665is',"b' <h2>Content Files</h2>\n <a href=""https://www.govinfo.gov/content/pkg/BILLS-116s4665is/pdf/BILLS-116s4665is.pdf"">PDF</a><br/>\n <a href=""https://www.govinfo.gov/content/pkg/BILLS-116s4665is/xml/BILLS-116s4665is.xml"">XML</a><br/>\n \n \n <h2>Metadata download</h2>\n <a href=""https://www.govinfo.gov/metadata/pkg/BILLS-116s4665is/mods.xml"">Descriptive Metadata (MODS)</a><br/>\n <a href=""https://www.govinfo.gov/metadata/pkg/BILLS-116s4665is/premis.xml"">Preservation Metadata (PREMIS)</a><br/>\n <h2>All Content and Metadata files, including granules</h2> <a href=""https://www.govinfo.gov/content/pkg/BILLS-116s4665is.zip"">ZIP</a>\n '"
b'BILLS-116s4668is',b'S.\xc2\xa04668\xc2\xa0(IS) - People Over Long Lines Act (POLL Act)',"b'Wed, 23 Sep 2020 00:00:00 +0000'",b'Bills and Statutes',b'https://www.govinfo.gov/app/details/BILLS-116s4668is',"b' <h2>Content Files</h2>\n <a href=""https://www.govinfo.gov/content/pkg/BILLS-116s4668is/pdf/BILLS-116s4668is.pdf"">PDF</a><br/>\n <a href=""https://www.govinfo.gov/content/pkg/BILLS-116s4668is/xml/BILLS-116s4668is.xml"">XML</a><br/>\n \n \n <h2>Metadata download</h2>\n <a href=""https://www.govinfo.gov/metadata/pkg/BILLS-116s4668is/mods.xml"">Descriptive Metadata (MODS)</a><br/>\n <a href=""https://www.govinfo.gov/metadata/pkg/BILLS-116s4668is/premis.xml"">Preservation Metadata (PREMIS)</a><br/>\n <h2>All Content and Metadata files, including granules</h2> <a href=""https://www.govinfo.gov/content/pkg/BILLS-116s4668is.zip"">ZIP</a>\n '"
b'BILLS-116s4676is',b'S.\xc2\xa04676\xc2\xa0(IS) - Small Business Debt Relief Extension Act of 2020',"b'Wed, 23 Sep 2020 00:00:00 +0000'",b'Bills and Statutes',b'https://www.govinfo.gov/app/details/BILLS-116s4676is',"b' <h2>Content Files</h2>\n <a href=""https://www.govinfo.gov/content/pkg/BILLS-116s4676is/pdf/BILLS-116s4676is.pdf"">PDF</a><br/>\n <a href=""https://www.govinfo.gov/content/pkg/BILLS-116s4676is/xml/BILLS-116s4676is.xml"">XML</a><br/>\n \n \n <h2>Metadata download</h2>\n <a href=""https://www.govinfo.gov/metadata/pkg/BILLS-116s4676is/mods.xml"">Descriptive Metadata (MODS)</a><br/>\n <a href=""https://www.govinfo.gov/metadata/pkg/BILLS-116s4676is/premis.xml"">Preservation Metadata (PREMIS)</a><br/>\n <h2>All Content and Metadata files, including granules</h2> <a href=""https://www.govinfo.gov/content/pkg/BILLS-116s4676is.zip"">ZIP</a>\n '"
b'BILLS-116s4671is',b'S.\xc2\xa04671\xc2\xa0(IS) - To prohibit Federal law enforcement officers from wearing camouflage uniforms in the United States.',"b'Wed, 23 Sep 2020 00:00:00 +0000'",b'Bills and Statutes',b'https://www.govinfo.gov/app/details/BILLS-116s4671is',"b' <h2>Content Files</h2>\n <a href=""https://www.govinfo.gov/content/pkg/BILLS-116s4671is/pdf/BILLS-116s4671is.pdf"">PDF</a><br/>\n <a href=""https://www.govinfo.gov/content/pkg/BILLS-116s4671is/xml/BILLS-116s4671is.xml"">XML</a><br/>\n \n \n <h2>Metadata download</h2>\n <a href=""https://www.govinfo.gov/metadata/pkg/BILLS-116s4671is/mods.xml"">Descriptive Metadata (MODS)</a><br/>\n <a href=""https://www.govinfo.gov/metadata/pkg/BILLS-116s4671is/premis.xml"">Preservation Metadata (PREMIS)</a><br/>\n <h2>All Content and Metadata files, including granules</h2> <a href=""https://www.govinfo.gov/content/pkg/BILLS-116s4671is.zip"">ZIP</a>\n '"
b'BILLS-116s4678is',b'S.\xc2\xa04678\xc2\xa0(IS) - PTC Elimination Act',"b'Wed, 23 Sep 2020 00:00:00 +0000'",b'Bills and Statutes',b'https://www.govinfo.gov/app/details/BILLS-116s4678is',"b' <h2>Content Files</h2>\n <a href=""https://www.govinfo.gov/content/pkg/BILLS-116s4678is/pdf/BILLS-116s4678is.pdf"">PDF</a><br/>\n <a href=""https://www.govinfo.gov/content/pkg/BILLS-116s4678is/xml/BILLS-116s4678is.xml"">XML</a><br/>\n \n \n <h2>Metadata download</h2>\n <a href=""https://www.govinfo.gov/metadata/pkg/BILLS-116s4678is/mods.xml"">Descriptive Metadata (MODS)</a><br/>\n <a href=""https://www.govinfo.gov/metadata/pkg/BILLS-116s4678is/premis.xml"">Preservation Metadata (PREMIS)</a><br/>\n <h2>All Content and Metadata files, including granules</h2> <a href=""https://www.govinfo.gov/content/pkg/BILLS-116s4678is.zip"">ZIP</a>\n '"
b'BILLS-116s4669is',b'S.\xc2\xa04669\xc2\xa0(IS) - American Privacy Protection Act',"b'Wed, 23 Sep 2020 00:00:00 +0000'",b'Bills and Statutes',b'https://www.govinfo.gov/app/details/BILLS-116s4669is',"b' <h2>Content Files</h2>\n <a href=""https://www.govinfo.gov/content/pkg/BILLS-116s4669is/pdf/BILLS-116s4669is.pdf"">PDF</a><br/>\n <a href=""https://www.govinfo.gov/content/pkg/BILLS-116s4669is/xml/BILLS-116s4669is.xml"">XML</a><br/>\n \n \n <h2>Metadata download</h2>\n <a href=""https://www.govinfo.gov/metadata/pkg/BILLS-116s4669is/mods.xml"">Descriptive Metadata (MODS)</a><br/>\n <a href=""https://www.govinfo.gov/metadata/pkg/BILLS-116s4669is/premis.xml"">Preservation Metadata (PREMIS)</a><br/>\n <h2>All Content and Metadata files, including granules</h2> <a href=""https://www.govinfo.gov/content/pkg/BILLS-116s4669is.zip"">ZIP</a>\n '"
b'BILLS-116s4687is',b'S.\xc2\xa04687\xc2\xa0(IS) - Made in America Shipbuilding Act of 2020',"b'Thu, 24 Sep 2020 00:00:00 +0000'",b'Bills and Statutes',b'https://www.govinfo.gov/app/details/BILLS-116s4687is',"b' <h2>Content Files</h2>\n <a href=""https://www.govinfo.gov/content/pkg/BILLS-116s4687is/pdf/BILLS-116s4687is.pdf"">PDF</a><br/>\n <a href=""https://www.govinfo.gov/content/pkg/BILLS-116s4687is/xml/BILLS-116s4687is.xml"">XML</a><br/>\n \n \n <h2>Metadata download</h2>\n <a href=""https://www.govinfo.gov/metadata/pkg/BILLS-116s4687is/mods.xml"">Descriptive Metadata (MODS)</a><br/>\n <a href=""https://www.govinfo.gov/metadata/pkg/BILLS-116s4687is/premis.xml"">Preservation Metadata (PREMIS)</a><br/>\n <h2>All Content and Metadata files, including granules</h2> <a href=""https://www.govinfo.gov/content/pkg/BILLS-116s4687is.zip"">ZIP</a>\n '"
b'BILLS-116s4659is',b'S.\xc2\xa04659\xc2\xa0(IS) - Rohingya Genocide Determination Act of 2020',"b'Wed, 23 Sep 2020 00:00:00 +0000'",b'Bills and Statutes',b'https://www.govinfo.gov/app/details/BILLS-116s4659is',"b' <h2>Content Files</h2>\n <a href=""https://www.govinfo.gov/content/pkg/BILLS-116s4659is/pdf/BILLS-116s4659is.pdf"">PDF</a><br/>\n <a href=""https://www.govinfo.gov/content/pkg/BILLS-116s4659is/xml/BILLS-116s4659is.xml"">XML</a><br/>\n \n \n <h2>Metadata download</h2>\n <a href=""https://www.govinfo.gov/metadata/pkg/BILLS-116s4659is/mods.xml"">Descriptive Metadata (MODS)</a><br/>\n <a href=""https://www.govinfo.gov/metadata/pkg/BILLS-116s4659is/premis.xml"">Preservation Metadata (PREMIS)</a><br/>\n <h2>All Content and Metadata files, including granules</h2> <a href=""https://www.govinfo.gov/content/pkg/BILLS-116s4659is.zip"">ZIP</a>\n '"
b'BILLS-116s4674is',b'S.\xc2\xa04674\xc2\xa0(IS) - Strengthening Medicaid Coverage of MAT Act',"b'Wed, 23 Sep 2020 00:00:00 +0000'",b'Bills and Statutes',b'https://www.govinfo.gov/app/details/BILLS-116s4674is',"b' <h2>Content Files</h2>\n <a href=""https://www.govinfo.gov/content/pkg/BILLS-116s4674is/pdf/BILLS-116s4674is.pdf"">PDF</a><br/>\n <a href=""https://www.govinfo.gov/content/pkg/BILLS-116s4674is/xml/BILLS-116s4674is.xml"">XML</a><br/>\n \n \n <h2>Metadata download</h2>\n <a href=""https://www.govinfo.gov/metadata/pkg/BILLS-116s4674is/mods.xml"">Descriptive Metadata (MODS)</a><br/>\n <a href=""https://www.govinfo.gov/metadata/pkg/BILLS-116s4674is/premis.xml"">Preservation Metadata (PREMIS)</a><br/>\n <h2>All Content and Metadata files, including granules</h2> <a href=""https://www.govinfo.gov/content/pkg/BILLS-116s4674is.zip"">ZIP</a>\n '"
b'BILLS-116s4658is',b'S.\xc2\xa04658\xc2\xa0(IS) - Women\xe2\x80\x99s Public Health and Safety Act',"b'Wed, 23 Sep 2020 00:00:00 +0000'",b'Bills and Statutes',b'https://www.govinfo.gov/app/details/BILLS-116s4658is',"b' <h2>Content Files</h2>\n <a href=""https://www.govinfo.gov/content/pkg/BILLS-116s4658is/pdf/BILLS-116s4658is.pdf"">PDF</a><br/>\n <a href=""https://www.govinfo.gov/content/pkg/BILLS-116s4658is/xml/BILLS-116s4658is.xml"">XML</a><br/>\n \n \n <h2>Metadata download</h2>\n <a href=""https://www.govinfo.gov/metadata/pkg/BILLS-116s4658is/mods.xml"">Descriptive Metadata (MODS)</a><br/>\n <a href=""https://www.govinfo.gov/metadata/pkg/BILLS-116s4658is/premis.xml"">Preservation Metadata (PREMIS)</a><br/>\n <h2>All Content and Metadata files, including granules</h2> <a href=""https://www.govinfo.gov/content/pkg/BILLS-116s4658is.zip"">ZIP</a>\n '"
b'BILLS-116s4662is',b'S.\xc2\xa04662\xc2\xa0(IS) - Penalizing Radicals and Others who Thwart Emergency Care and Transportation for Law Enforcement Officers Act of 2020',"b'Wed, 23 Sep 2020 00:00:00 +0000'",b'Bills and Statutes',b'https://www.govinfo.gov/app/details/BILLS-116s4662is',"b' <h2>Content Files</h2>\n <a href=""https://www.govinfo.gov/content/pkg/BILLS-116s4662is/pdf/BILLS-116s4662is.pdf"">PDF</a><br/>\n <a href=""https://www.govinfo.gov/content/pkg/BILLS-116s4662is/xml/BILLS-116s4662is.xml"">XML</a><br/>\n \n \n <h2>Metadata download</h2>\n <a href=""https://www.govinfo.gov/metadata/pkg/BILLS-116s4662is/mods.xml"">Descriptive Metadata (MODS)</a><br/>\n <a href=""https://www.govinfo.gov/metadata/pkg/BILLS-116s4662is/premis.xml"">Preservation Metadata (PREMIS)</a><br/>\n <h2>All Content and Metadata files, including granules</h2> <a href=""https://www.govinfo.gov/content/pkg/BILLS-116s4662is.zip"">ZIP</a>\n '"
b'BILLS-116s4667is',b'S.\xc2\xa04667\xc2\xa0(IS) - Emergency Reporting Act',"b'Wed, 23 Sep 2020 00:00:00 +0000'",b'Bills and Statutes',b'https://www.govinfo.gov/app/details/BILLS-116s4667is',"b' <h2>Content Files</h2>\n <a href=""https://www.govinfo.gov/content/pkg/BILLS-116s4667is/pdf/BILLS-116s4667is.pdf"">PDF</a><br/>\n <a href=""https://www.govinfo.gov/content/pkg/BILLS-116s4667is/xml/BILLS-116s4667is.xml"">XML</a><br/>\n \n \n <h2>Metadata download</h2>\n <a href=""https://www.govinfo.gov/metadata/pkg/BILLS-116s4667is/mods.xml"">Descriptive Metadata (MODS)</a><br/>\n <a href=""https://www.govinfo.gov/metadata/pkg/BILLS-116s4667is/premis.xml"">Preservation Metadata (PREMIS)</a><br/>\n <h2>All Content and Metadata files, including granules</h2> <a href=""https://www.govinfo.gov/content/pkg/BILLS-116s4667is.zip"">ZIP</a>\n '"
b'BILLS-116s4670is',b'S.\xc2\xa04670\xc2\xa0(IS) - Preserving Equity on Main Street Act of 2020',"b'Wed, 23 Sep 2020 00:00:00 +0000'",b'Bills and Statutes',b'https://www.govinfo.gov/app/details/BILLS-116s4670is',"b' <h2>Content Files</h2>\n <a href=""https://www.govinfo.gov/content/pkg/BILLS-116s4670is/pdf/BILLS-116s4670is.pdf"">PDF</a><br/>\n <a href=""https://www.govinfo.gov/content/pkg/BILLS-116s4670is/xml/BILLS-116s4670is.xml"">XML</a><br/>\n \n \n <h2>Metadata download</h2>\n <a href=""https://www.govinfo.gov/metadata/pkg/BILLS-116s4670is/mods.xml"">Descriptive Metadata (MODS)</a><br/>\n <a href=""https://www.govinfo.gov/metadata/pkg/BILLS-116s4670is/premis.xml"">Preservation Metadata (PREMIS)</a><br/>\n <h2>All Content and Metadata files, including granules</h2> <a href=""https://www.govinfo.gov/content/pkg/BILLS-116s4670is.zip"">ZIP</a>\n '"
b'BILLS-116s4677is',"b'S.\xc2\xa04677\xc2\xa0(IS) - STEM Restoring Employment Skills through Targeted Assistance, Re-entry, and Training Act'","b'Wed, 23 Sep 2020 00:00:00 +0000'",b'Bills and Statutes',b'https://www.govinfo.gov/app/details/BILLS-116s4677is',"b' <h2>Content Files</h2>\n <a href=""https://www.govinfo.gov/content/pkg/BILLS-116s4677is/pdf/BILLS-116s4677is.pdf"">PDF</a><br/>\n <a href=""https://www.govinfo.gov/content/pkg/BILLS-116s4677is/xml/BILLS-116s4677is.xml"">XML</a><br/>\n \n \n <h2>Metadata download</h2>\n <a href=""https://www.govinfo.gov/metadata/pkg/BILLS-116s4677is/mods.xml"">Descriptive Metadata (MODS)</a><br/>\n <a href=""https://www.govinfo.gov/metadata/pkg/BILLS-116s4677is/premis.xml"">Preservation Metadata (PREMIS)</a><br/>\n <h2>All Content and Metadata files, including granules</h2> <a href=""https://www.govinfo.gov/content/pkg/BILLS-116s4677is.zip"">ZIP</a>\n '"
b'BILLS-116s4655is',b'S.\xc2\xa04655\xc2\xa0(IS) - Main Street Lending Improvement Act of 2020',"b'Tue, 22 Sep 2020 00:00:00 +0000'",b'Bills and Statutes',b'https://www.govinfo.gov/app/details/BILLS-116s4655is',"b' <h2>Content Files</h2>\n <a href=""https://www.govinfo.gov/content/pkg/BILLS-116s4655is/pdf/BILLS-116s4655is.pdf"">PDF</a><br/>\n <a href=""https://www.govinfo.gov/content/pkg/BILLS-116s4655is/xml/BILLS-116s4655is.xml"">XML</a><br/>\n \n \n <h2>Metadata download</h2>\n <a href=""https://www.govinfo.gov/metadata/pkg/BILLS-116s4655is/mods.xml"">Descriptive Metadata (MODS)</a><br/>\n <a href=""https://www.govinfo.gov/metadata/pkg/BILLS-116s4655is/premis.xml"">Preservation Metadata (PREMIS)</a><br/>\n <h2>All Content and Metadata files, including granules</h2> <a href=""https://www.govinfo.gov/content/pkg/BILLS-116s4655is.zip"">ZIP</a>\n '"
b'BILLS-116s4664is',b'S.\xc2\xa04664\xc2\xa0(IS) - To amend the Internal Revenue Code of 1986 to provide an exclusion from gross income for certain waste water management subsidies.',"b'Wed, 23 Sep 2020 00:00:00 +0000'",b'Bills and Statutes',b'https://www.govinfo.gov/app/details/BILLS-116s4664is',"b' <h2>Content Files</h2>\n <a href=""https://www.govinfo.gov/content/pkg/BILLS-116s4664is/pdf/BILLS-116s4664is.pdf"">PDF</a><br/>\n <a href=""https://www.govinfo.gov/content/pkg/BILLS-116s4664is/xml/BILLS-116s4664is.xml"">XML</a><br/>\n \n \n <h2>Metadata download</h2>\n <a href=""https://www.govinfo.gov/metadata/pkg/BILLS-116s4664is/mods.xml"">Descriptive Metadata (MODS)</a><br/>\n <a href=""https://www.govinfo.gov/metadata/pkg/BILLS-116s4664is/premis.xml"">Preservation Metadata (PREMIS)</a><br/>\n <h2>All Content and Metadata files, including granules</h2> <a href=""https://www.govinfo.gov/content/pkg/BILLS-116s4664is.zip"">ZIP</a>\n '"
b'BILLS-116hr8346ih',b'H.R.\xc2\xa08346\xc2\xa0(IH) - Academic Research Protection Act',"b'Tue, 22 Sep 2020 00:00:00 +0000'",b'Bills and Statutes',b'https://www.govinfo.gov/app/details/BILLS-116hr8346ih',"b' <h2>Content Files</h2>\n <a href=""https://www.govinfo.gov/content/pkg/BILLS-116hr8346ih/pdf/BILLS-116hr8346ih.pdf"">PDF</a><br/>\n <a href=""https://www.govinfo.gov/content/pkg/BILLS-116hr8346ih/xml/BILLS-116hr8346ih.xml"">XML</a><br/>\n \n \n <h2>Metadata download</h2>\n <a href=""https://www.govinfo.gov/metadata/pkg/BILLS-116hr8346ih/mods.xml"">Descriptive Metadata (MODS)</a><br/>\n <a href=""https://www.govinfo.gov/metadata/pkg/BILLS-116hr8346ih/premis.xml"">Preservation Metadata (PREMIS)</a><br/>\n <h2>All Content and Metadata files, including granules</h2> <a href=""https://www.govinfo.gov/content/pkg/BILLS-116hr8346ih.zip"">ZIP</a>\n '"
b'BILLS-116s4683is',b'S.\xc2\xa04683\xc2\xa0(IS) - Battleship Iowa National Museum of the Surface Navy Act of 2020',"b'Thu, 24 Sep 2020 00:00:00 +0000'",b'Bills and Statutes',b'https://www.govinfo.gov/app/details/BILLS-116s4683is',"b' <h2>Content Files</h2>\n <a href=""https://www.govinfo.gov/content/pkg/BILLS-116s4683is/pdf/BILLS-116s4683is.pdf"">PDF</a><br/>\n <a href=""https://www.govinfo.gov/content/pkg/BILLS-116s4683is/xml/BILLS-116s4683is.xml"">XML</a><br/>\n \n \n <h2>Metadata download</h2>\n <a href=""https://www.govinfo.gov/metadata/pkg/BILLS-116s4683is/mods.xml"">Descriptive Metadata (MODS)</a><br/>\n <a href=""https://www.govinfo.gov/metadata/pkg/BILLS-116s4683is/premis.xml"">Preservation Metadata (PREMIS)</a><br/>\n <h2>All Content and Metadata files, including granules</h2> <a href=""https://www.govinfo.gov/content/pkg/BILLS-116s4683is.zip"">ZIP</a>\n '"
b'BILLS-116s4685is',b'S.\xc2\xa04685\xc2\xa0(IS) - To prohibit assistance to foreign governments that violate human rights with respect to religious freedom.',"b'Thu, 24 Sep 2020 00:00:00 +0000'",b'Bills and Statutes',b'https://www.govinfo.gov/app/details/BILLS-116s4685is',"b' <h2>Content Files</h2>\n <a href=""https://www.govinfo.gov/content/pkg/BILLS-116s4685is/pdf/BILLS-116s4685is.pdf"">PDF</a><br/>\n <a href=""https://www.govinfo.gov/content/pkg/BILLS-116s4685is/xml/BILLS-116s4685is.xml"">XML</a><br/>\n \n \n <h2>Metadata download</h2>\n <a href=""https://www.govinfo.gov/metadata/pkg/BILLS-116s4685is/mods.xml"">Descriptive Metadata (MODS)</a><br/>\n <a href=""https://www.govinfo.gov/metadata/pkg/BILLS-116s4685is/premis.xml"">Preservation Metadata (PREMIS)</a><br/>\n <h2>All Content and Metadata files, including granules</h2> <a href=""https://www.govinfo.gov/content/pkg/BILLS-116s4685is.zip"">ZIP</a>\n '"
b'BILLS-116s4684is',"b'S.\xc2\xa04684\xc2\xa0(IS) - To designate the facility of the United States Postal Service located at 440 Arapahoe Street in Thermopolis, Wyoming, as the Robert L. Brown Post Office.'","b'Thu, 24 Sep 2020 00:00:00 +0000'",b'Bills and Statutes',b'https://www.govinfo.gov/app/details/BILLS-116s4684is',"b' <h2>Content Files</h2>\n <a href=""https://www.govinfo.gov/content/pkg/BILLS-116s4684is/pdf/BILLS-116s4684is.pdf"">PDF</a><br/>\n <a href=""https://www.govinfo.gov/content/pkg/BILLS-116s4684is/xml/BILLS-116s4684is.xml"">XML</a><br/>\n \n \n <h2>Metadata download</h2>\n <a href=""https://www.govinfo.gov/metadata/pkg/BILLS-116s4684is/mods.xml"">Descriptive Metadata (MODS)</a><br/>\n <a href=""https://www.govinfo.gov/metadata/pkg/BILLS-116s4684is/premis.xml"">Preservation Metadata (PREMIS)</a><br/>\n <h2>All Content and Metadata files, including granules</h2> <a href=""https://www.govinfo.gov/content/pkg/BILLS-116s4684is.zip"">ZIP</a>\n '"
b'BILLS-116s4681is',"b'S.\xc2\xa04681\xc2\xa0(IS) - To require the Administrator of the Environmental Protection Agency to promulgate certain limitations with respect to pre-production plastic pellet pollution, and for other purposes.'","b'Thu, 24 Sep 2020 00:00:00 +0000'",b'Bills and Statutes',b'https://www.govinfo.gov/app/details/BILLS-116s4681is',"b' <h2>Content Files</h2>\n <a href=""https://www.govinfo.gov/content/pkg/BILLS-116s4681is/pdf/BILLS-116s4681is.pdf"">PDF</a><br/>\n <a href=""https://www.govinfo.gov/content/pkg/BILLS-116s4681is/xml/BILLS-116s4681is.xml"">XML</a><br/>\n \n \n <h2>Metadata download</h2>\n <a href=""https://www.govinfo.gov/metadata/pkg/BILLS-116s4681is/mods.xml"">Descriptive Metadata (MODS)</a><br/>\n <a href=""https://www.govinfo.gov/metadata/pkg/BILLS-116s4681is/premis.xml"">Preservation Metadata (PREMIS)</a><br/>\n <h2>All Content and Metadata files, including granules</h2> <a href=""https://www.govinfo.gov/content/pkg/BILLS-116s4681is.zip"">ZIP</a>\n '"
b'BILLS-116s4690is',b'S.\xc2\xa04690\xc2\xa0(IS) - Maternal Immunization Enhancement Act',"b'Thu, 24 Sep 2020 00:00:00 +0000'",b'Bills and Statutes',b'https://www.govinfo.gov/app/details/BILLS-116s4690is',"b' <h2>Content Files</h2>\n <a href=""https://www.govinfo.gov/content/pkg/BILLS-116s4690is/pdf/BILLS-116s4690is.pdf"">PDF</a><br/>\n <a href=""https://www.govinfo.gov/content/pkg/BILLS-116s4690is/xml/BILLS-116s4690is.xml"">XML</a><br/>\n \n \n <h2>Metadata download</h2>\n <a href=""https://www.govinfo.gov/metadata/pkg/BILLS-116s4690is/mods.xml"">Descriptive Metadata (MODS)</a><br/>\n <a href=""https://www.govinfo.gov/metadata/pkg/BILLS-116s4690is/premis.xml"">Preservation Metadata (PREMIS)</a><br/>\n <h2>All Content and Metadata files, including granules</h2> <a href=""https://www.govinfo.gov/content/pkg/BILLS-116s4690is.zip"">ZIP</a>\n '"
b'BILLS-116s4686is',b'S.\xc2\xa04686\xc2\xa0(IS) - Legacies of War Recognition and Unexploded Ordnance Removal Act',"b'Thu, 24 Sep 2020 00:00:00 +0000'",b'Bills and Statutes',b'https://www.govinfo.gov/app/details/BILLS-116s4686is',"b' <h2>Content Files</h2>\n <a href=""https://www.govinfo.gov/content/pkg/BILLS-116s4686is/pdf/BILLS-116s4686is.pdf"">PDF</a><br/>\n <a href=""https://www.govinfo.gov/content/pkg/BILLS-116s4686is/xml/BILLS-116s4686is.xml"">XML</a><br/>\n \n \n <h2>Metadata download</h2>\n <a href=""https://www.govinfo.gov/metadata/pkg/BILLS-116s4686is/mods.xml"">Descriptive Metadata (MODS)</a><br/>\n <a href=""https://www.govinfo.gov/metadata/pkg/BILLS-116s4686is/premis.xml"">Preservation Metadata (PREMIS)</a><br/>\n <h2>All Content and Metadata files, including granules</h2> <a href=""https://www.govinfo.gov/content/pkg/BILLS-116s4686is.zip"">ZIP</a>\n '"
b'BILLS-116hr8162rfs',b'H.R.\xc2\xa08162\xc2\xa0(RFS) - 21st Century Community Learning Centers Coronavirus Relief Act of 2020',"b'Thu, 17 Sep 2020 00:00:00 +0000'",b'Bills and Statutes',b'https://www.govinfo.gov/app/details/BILLS-116hr8162rfs',"b' <h2>Content Files</h2>\n <a href=""https://www.govinfo.gov/content/pkg/BILLS-116hr8162rfs/pdf/BILLS-116hr8162rfs.pdf"">PDF</a><br/>\n <a href=""https://www.govinfo.gov/content/pkg/BILLS-116hr8162rfs/xml/BILLS-116hr8162rfs.xml"">XML</a><br/>\n \n \n <h2>Metadata download</h2>\n <a href=""https://www.govinfo.gov/metadata/pkg/BILLS-116hr8162rfs/mods.xml"">Descriptive Metadata (MODS)</a><br/>\n <a href=""https://www.govinfo.gov/metadata/pkg/BILLS-116hr8162rfs/premis.xml"">Preservation Metadata (PREMIS)</a><br/>\n <h2>All Content and Metadata files, including granules</h2> <a href=""https://www.govinfo.gov/content/pkg/BILLS-116hr8162rfs.zip"">ZIP</a>\n '"
b'BILLS-116s4682is',b'S.\xc2\xa04682\xc2\xa0(IS) - Care Corps Demonstration Act of 2020',"b'Thu, 24 Sep 2020 00:00:00 +0000'",b'Bills and Statutes',b'https://www.govinfo.gov/app/details/BILLS-116s4682is',"b' <h2>Content Files</h2>\n <a href=""https://www.govinfo.gov/content/pkg/BILLS-116s4682is/pdf/BILLS-116s4682is.pdf"">PDF</a><br/>\n <a href=""https://www.govinfo.gov/content/pkg/BILLS-116s4682is/xml/BILLS-116s4682is.xml"">XML</a><br/>\n \n \n <h2>Metadata download</h2>\n <a href=""https://www.govinfo.gov/metadata/pkg/BILLS-116s4682is/mods.xml"">Descriptive Metadata (MODS)</a><br/>\n <a href=""https://www.govinfo.gov/metadata/pkg/BILLS-116s4682is/premis.xml"">Preservation Metadata (PREMIS)</a><br/>\n <h2>All Content and Metadata files, including granules</h2> <a href=""https://www.govinfo.gov/content/pkg/BILLS-116s4682is.zip"">ZIP</a>\n '"
b'BILLS-116s4680is',"b""S.\xc2\xa04680\xc2\xa0(IS) - Ending Natural Gas Companies' Seizure of Land for Export Profits Act""","b'Wed, 23 Sep 2020 00:00:00 +0000'",b'Bills and Statutes',b'https://www.govinfo.gov/app/details/BILLS-116s4680is',"b' <h2>Content Files</h2>\n <a href=""https://www.govinfo.gov/content/pkg/BILLS-116s4680is/pdf/BILLS-116s4680is.pdf"">PDF</a><br/>\n <a href=""https://www.govinfo.gov/content/pkg/BILLS-116s4680is/xml/BILLS-116s4680is.xml"">XML</a><br/>\n \n \n <h2>Metadata download</h2>\n <a href=""https://www.govinfo.gov/metadata/pkg/BILLS-116s4680is/mods.xml"">Descriptive Metadata (MODS)</a><br/>\n <a href=""https://www.govinfo.gov/metadata/pkg/BILLS-116s4680is/premis.xml"">Preservation Metadata (PREMIS)</a><br/>\n <h2>All Content and Metadata files, including granules</h2> <a href=""https://www.govinfo.gov/content/pkg/BILLS-116s4680is.zip"">ZIP</a>\n '"
b'BILLS-116hres1191ih',b'H. Res.\xc2\xa01191\xc2\xa0(IH) - Honoring the World Food Program on the occasion of being awarded the 2020 Nobel Peace Prize.',"b'Fri, 16 Oct 2020 00:00:00 +0000'",b'Bills and Statutes',b'https://www.govinfo.gov/app/details/BILLS-116hres1191ih',"b' <h2>Content Files</h2>\n <a href=""https://www.govinfo.gov/content/pkg/BILLS-116hres1191ih/pdf/BILLS-116hres1191ih.pdf"">PDF</a><br/>\n <a href=""https://www.govinfo.gov/content/pkg/BILLS-116hres1191ih/xml/BILLS-116hres1191ih.xml"">XML</a><br/>\n \n \n <h2>Metadata download</h2>\n <a href=""https://www.govinfo.gov/metadata/pkg/BILLS-116hres1191ih/mods.xml"">Descriptive Metadata (MODS)</a><br/>\n <a href=""https://www.govinfo.gov/metadata/pkg/BILLS-116hres1191ih/premis.xml"">Preservation Metadata (PREMIS)</a><br/>\n <h2>All Content and Metadata files, including granules</h2> <a href=""https://www.govinfo.gov/content/pkg/BILLS-116hres1191ih.zip"">ZIP</a>\n '"
b'BILLS-116hres1193ih',b'H. Res.\xc2\xa01193\xc2\xa0(IH) - Expressing support for the designation of October 2020 as National Youth Justice Action Month.',"b'Fri, 16 Oct 2020 00:00:00 +0000'",b'Bills and Statutes',b'https://www.govinfo.gov/app/details/BILLS-116hres1193ih',"b' <h2>Content Files</h2>\n <a href=""https://www.govinfo.gov/content/pkg/BILLS-116hres1193ih/pdf/BILLS-116hres1193ih.pdf"">PDF</a><br/>\n <a href=""https://www.govinfo.gov/content/pkg/BILLS-116hres1193ih/xml/BILLS-116hres1193ih.xml"">XML</a><br/>\n \n \n <h2>Metadata download</h2>\n <a href=""https://www.govinfo.gov/metadata/pkg/BILLS-116hres1193ih/mods.xml"">Descriptive Metadata (MODS)</a><br/>\n <a href=""https://www.govinfo.gov/metadata/pkg/BILLS-116hres1193ih/premis.xml"">Preservation Metadata (PREMIS)</a><br/>\n <h2>All Content and Metadata files, including granules</h2> <a href=""https://www.govinfo.gov/content/pkg/BILLS-116hres1193ih.zip"">ZIP</a>\n '"
b'BILLS-116hres1195ih',b'H. Res.\xc2\xa01195\xc2\xa0(IH) - Condemning Turkey\xe2\x80\x99s attacks on United States forces and allies and Turkey\xe2\x80\x99s continued support for terrorist organizations.',"b'Fri, 16 Oct 2020 00:00:00 +0000'",b'Bills and Statutes',b'https://www.govinfo.gov/app/details/BILLS-116hres1195ih',"b' <h2>Content Files</h2>\n <a href=""https://www.govinfo.gov/content/pkg/BILLS-116hres1195ih/pdf/BILLS-116hres1195ih.pdf"">PDF</a><br/>\n <a href=""https://www.govinfo.gov/content/pkg/BILLS-116hres1195ih/xml/BILLS-116hres1195ih.xml"">XML</a><br/>\n \n \n <h2>Metadata download</h2>\n <a href=""https://www.govinfo.gov/metadata/pkg/BILLS-116hres1195ih/mods.xml"">Descriptive Metadata (MODS)</a><br/>\n <a href=""https://www.govinfo.gov/metadata/pkg/BILLS-116hres1195ih/premis.xml"">Preservation Metadata (PREMIS)</a><br/>\n <h2>All Content and Metadata files, including granules</h2> <a href=""https://www.govinfo.gov/content/pkg/BILLS-116hres1195ih.zip"">ZIP</a>\n '"
b'BILLS-116hres1197ih',"b'H. Res.\xc2\xa01197\xc2\xa0(IH) - Expressing support for the designation of October 23, 2020, as a national day of remembrance of the tragic 1983 terrorist bombing of the United States Marine Corps barracks in Beirut, Lebanon.'","b'Fri, 16 Oct 2020 00:00:00 +0000'",b'Bills and Statutes',b'https://www.govinfo.gov/app/details/BILLS-116hres1197ih',"b' <h2>Content Files</h2>\n <a href=""https://www.govinfo.gov/content/pkg/BILLS-116hres1197ih/pdf/BILLS-116hres1197ih.pdf"">PDF</a><br/>\n <a href=""https://www.govinfo.gov/content/pkg/BILLS-116hres1197ih/xml/BILLS-116hres1197ih.xml"">XML</a><br/>\n \n \n <h2>Metadata download</h2>\n <a href=""https://www.govinfo.gov/metadata/pkg/BILLS-116hres1197ih/mods.xml"">Descriptive Metadata (MODS)</a><br/>\n <a href=""https://www.govinfo.gov/metadata/pkg/BILLS-116hres1197ih/premis.xml"">Preservation Metadata (PREMIS)</a><br/>\n <h2>All Content and Metadata files, including granules</h2> <a href=""https://www.govinfo.gov/content/pkg/BILLS-116hres1197ih.zip"">ZIP</a>\n '"
b'BILLS-116hres1196ih',"b'H. Res.\xc2\xa01196\xc2\xa0(IH) - Calling for an end to escalating violence in the Nagorno-Karabakh enclave, for each side to return to the peace process, and for external parties to cease their support for and interference in the conflict.'","b'Fri, 16 Oct 2020 00:00:00 +0000'",b'Bills and Statutes',b'https://www.govinfo.gov/app/details/BILLS-116hres1196ih',"b' <h2>Content Files</h2>\n <a href=""https://www.govinfo.gov/content/pkg/BILLS-116hres1196ih/pdf/BILLS-116hres1196ih.pdf"">PDF</a><br/>\n <a href=""https://www.govinfo.gov/content/pkg/BILLS-116hres1196ih/xml/BILLS-116hres1196ih.xml"">XML</a><br/>\n \n \n <h2>Metadata download</h2>\n <a href=""https://www.govinfo.gov/metadata/pkg/BILLS-116hres1196ih/mods.xml"">Descriptive Metadata (MODS)</a><br/>\n <a href=""https://www.govinfo.gov/metadata/pkg/BILLS-116hres1196ih/premis.xml"">Preservation Metadata (PREMIS)</a><br/>\n <h2>All Content and Metadata files, including granules</h2> <a href=""https://www.govinfo.gov/content/pkg/BILLS-116hres1196ih.zip"">ZIP</a>\n '"
b'BILLS-116hres1194ih',b'H. Res.\xc2\xa01194\xc2\xa0(IH) - Expressing the sense of the House of Representatives that Nancy Pelosi should be removed from her position as Speaker of the House of Representatives.',"b'Fri, 16 Oct 2020 00:00:00 +0000'",b'Bills and Statutes',b'https://www.govinfo.gov/app/details/BILLS-116hres1194ih',"b' <h2>Content Files</h2>\n <a href=""https://www.govinfo.gov/content/pkg/BILLS-116hres1194ih/pdf/BILLS-116hres1194ih.pdf"">PDF</a><br/>\n <a href=""https://www.govinfo.gov/content/pkg/BILLS-116hres1194ih/xml/BILLS-116hres1194ih.xml"">XML</a><br/>\n \n \n <h2>Metadata download</h2>\n <a href=""https://www.govinfo.gov/metadata/pkg/BILLS-116hres1194ih/mods.xml"">Descriptive Metadata (MODS)</a><br/>\n <a href=""https://www.govinfo.gov/metadata/pkg/BILLS-116hres1194ih/premis.xml"">Preservation Metadata (PREMIS)</a><br/>\n <h2>All Content and Metadata files, including granules</h2> <a href=""https://www.govinfo.gov/content/pkg/BILLS-116hres1194ih.zip"">ZIP</a>\n '"
b'BILLS-116hres1192ih',b'H. Res.\xc2\xa01192\xc2\xa0(IH) - Expressing support for the goals of November National Lung Cancer Awareness Month and for the early detection of lung cancer.',"b'Fri, 16 Oct 2020 00:00:00 +0000'",b'Bills and Statutes',b'https://www.govinfo.gov/app/details/BILLS-116hres1192ih',"b' <h2>Content Files</h2>\n <a href=""https://www.govinfo.gov/content/pkg/BILLS-116hres1192ih/pdf/BILLS-116hres1192ih.pdf"">PDF</a><br/>\n <a href=""https://www.govinfo.gov/content/pkg/BILLS-116hres1192ih/xml/BILLS-116hres1192ih.xml"">XML</a><br/>\n \n \n <h2>Metadata download</h2>\n <a href=""https://www.govinfo.gov/metadata/pkg/BILLS-116hres1192ih/mods.xml"">Descriptive Metadata (MODS)</a><br/>\n <a href=""https://www.govinfo.gov/metadata/pkg/BILLS-116hres1192ih/premis.xml"">Preservation Metadata (PREMIS)</a><br/>\n <h2>All Content and Metadata files, including granules</h2> <a href=""https://www.govinfo.gov/content/pkg/BILLS-116hres1192ih.zip"">ZIP</a>\n '"
b'BILLS-116hr8625ih',b'H.R.\xc2\xa08625\xc2\xa0(IH) - For the relief of Ivana Alexandra Sifuentes Arbirio and Luisa Mariana Sifuentes Arbirio.',"b'Fri, 16 Oct 2020 00:00:00 +0000'",b'Bills and Statutes',b'https://www.govinfo.gov/app/details/BILLS-116hr8625ih',"b' <h2>Content Files</h2>\n <a href=""https://www.govinfo.gov/content/pkg/BILLS-116hr8625ih/pdf/BILLS-116hr8625ih.pdf"">PDF</a><br/>\n <a href=""https://www.govinfo.gov/content/pkg/BILLS-116hr8625ih/xml/BILLS-116hr8625ih.xml"">XML</a><br/>\n \n \n <h2>Metadata download</h2>\n <a href=""https://www.govinfo.gov/metadata/pkg/BILLS-116hr8625ih/mods.xml"">Descriptive Metadata (MODS)</a><br/>\n <a href=""https://www.govinfo.gov/metadata/pkg/BILLS-116hr8625ih/premis.xml"">Preservation Metadata (PREMIS)</a><br/>\n <h2>All Content and Metadata files, including granules</h2> <a href=""https://www.govinfo.gov/content/pkg/BILLS-116hr8625ih.zip"">ZIP</a>\n '"
